{
  "parent": "nitco:recipes/root",
  "display": {
    "icon": {
      "item": "minecraft:crafting_table"
    },
    "title": "Soul Forge Crafting",
    "description": "Open a War Planner with a Soul Forge recipe.",
    "frame": "task",
    "show_toast": false,
    "announce_to_chat": false,
    "hidden": true
  },
  "rewards": {
    "function": "nitco:siteplanner/init_soulforge"
  },
  "criteria": {
    "open-dropper": {
      "trigger": "minecraft:item_used_on_block",
      "conditions": {
        "location": {
          "block": {
            "blocks": [
              "minecraft:dropper"
            ],
			"nbt":"{Items:[{Slot:0b,id:\"minecraft:basalt\",Count:32b},{Slot:1b,id:\"minecraft:soul_campfire\",Count:1b},{Slot:2b,id:\"minecraft:basalt\",Count:32b},{Slot:3b,id:\"minecraft:soul_sand\",Count:16b},{Slot:4b,id:\"minecraft:gold_ingot\",Count:8b},{Slot:5b,id:\"minecraft:blast_furnace\",Count:1b},{Slot:6b,id:\"minecraft:nether_brick\",Count:8b},{Slot:7b,id:\"minecraft:nether_brick\",Count:16b},{Slot:8b,id:\"minecraft:nether_brick\",Count:8b}]}"
          }
        }
      }
    }
  }
}