{
  "parent": "nitk:recipes/root",
  "display": {
    "icon": {
      "item": "minecraft:crafting_table"
    },
    "title": "Observatory Crafting",
    "description": "Open a Site Planner with an Observatory recipe.",
    "frame": "task",
    "show_toast": false,
    "announce_to_chat": false,
    "hidden": true
  },
  "rewards": {
    "function": "nitk:siteplanner/init_observatory"
  },
  "criteria": {
    "open-dropper": {
      "trigger": "minecraft:item_used_on_block",
      "conditions": {
        "location": {
          "block": {
            "blocks": [
              "minecraft:dropper"
            ],
		      	"nbt":"{Items:[{Slot:0b,id:\"minecraft:quartz\",Count:32b},{Slot:1b,id:\"minecraft:copper_ingot\",Count:64b},{Slot:2b,id:\"minecraft:copper_ingot\",Count:64b},{Slot:3b,id:\"minecraft:stone\",Count:16b},{Slot:4b,id:\"minecraft:paper\",Count:1b,tag:{nitk_buildingPermit:1b}},{Slot:5b,id:\"minecraft:stone\",Count:16b},{Slot:6b,id:\"minecraft:bricks\",Count:64b},{Slot:7b,id:\"minecraft:oak_log\",Count:32b},{Slot:8b,id:\"minecraft:bricks\",Count:64b}]}"
          }
        }
      }
    }
  }
}