{
  "parent": "nitk:recipes/root",
  "display": {
    "icon": {
      "item": "minecraft:crafting_table"
    },
    "title": "Stardial Crafting",
    "description": "Open a Site Planner with a Stardial recipe.",
    "frame": "task",
    "show_toast": false,
    "announce_to_chat": false,
    "hidden": true
  },
  "rewards": {
    "function": "nitk:siteplanner/init_stardial"
  },
  "criteria": {
    "open-dropper": {
      "trigger": "minecraft:item_used_on_block",
      "conditions": {
        "location": {
          "block": {
            "blocks": [
              "minecraft:dropper"
            ],
			"nbt":"{Items:[{Slot:0b,id:\"minecraft:sandstone\",Count:4b},{Slot:1b,id:\"minecraft:red_sandstone\",Count:16b},{Slot:2b,id:\"minecraft:sandstone\",Count:4b},{Slot:3b,id:\"minecraft:prismarine_crystals\",Count:2b},{Slot:4b,id:\"minecraft:paper\",Count:1b,tag:{nitk_buildingPermit:1b}},{Slot:5b,id:\"minecraft:glowstone_dust\",Count:2b},{Slot:6b,id:\"minecraft:sandstone\",Count:4b},{Slot:7b,id:\"minecraft:music_disc_strad\",Count:1b,tag:{nitk_uniqueItem:3b}},{Slot:8b,id:\"minecraft:sandstone\",Count:4b}]}"
          }
        }
      }
    }
  }
}