{
  "parent": "nitk:recipes/root",
  "display": {
    "icon": {
      "item": "minecraft:crafting_table"
    },
    "title": "Tap Mine Crafting",
    "description": "Open a Site Planner with a Tap Mine recipe.",
    "frame": "task",
    "show_toast": false,
    "announce_to_chat": false,
    "hidden": true
  },
  "rewards": {
    "function": "nitk:siteplanner/upgrades/init_tap_mine"
  },
  "criteria": {
    "open-dropper": {
      "trigger": "minecraft:item_used_on_block",
      "conditions": {
        "location": {
          "block": {
            "blocks": [
              "minecraft:dropper"
            ],
			      "nbt":"{Items:[{Slot:0b,id:\"minecraft:deepslate\",Count:16b},{Slot:1b,id:\"minecraft:white_wool\",Count:8b},{Slot:2b,id:\"minecraft:deepslate\",Count:16b},{Slot:3b,id:\"minecraft:deepslate\",Count:16b},{Slot:4b,id:\"minecraft:paper\",Count:4b,tag:{nitk_bankNote:1b}},{Slot:5b,id:\"minecraft:deepslate\",Count:16b},{Slot:6b,id:\"minecraft:iron_ingot\",Count:8b},{Slot:7b,id:\"minecraft:diamond_pickaxe\",Count:1b},{Slot:8b,id:\"minecraft:iron_ingot\",Count:8b}]}"
          }
        }
      }
    }
  }
}