{
  "criteria": {
    "requirement": {
      "trigger": "minecraft:item_used_on_block",
      "conditions": {
        "player": [
          {
            "condition": "minecraft:value_check",
            "value": {
              "type": "minecraft:score",
              "target": "this",
              "score": "nitTutorialStatus"
            },
            "range": {
              "min": 1
            }
          }
        ],
        "location": {
          "block": {
            "blocks": [
              "minecraft:dropper"
            ],
            "state": {
              "facing": "up"
            }
          }
        }
      }
    }
  },
  "rewards": {
    "function": "nitk:tutorial/site_planners"
  }
}
