{
    "type": "minecraft:command",
    "pools": [
      {
        "rolls": 1,
        "entries": [
          {
            "type": "minecraft:loot_table",
            "weight": 1,
            "name": "nitk:entities/vanilla/rabbit"
          },
          {
            "type": "minecraft:item",
            "weight": 1,
            "name": "minecraft:cactus",
            "functions": [
              {
                "function": "set_count",
                "count": {
                  "type": "uniform",
                  "min": 4,
                  "max": 12
                }
              }
            ]
          },
          {
            "type": "minecraft:item",
            "weight": 1,
            "name": "minecraft:sand",
            "functions": [
              {
                "function": "set_count",
                "count": {
                  "type": "uniform",
                  "min": 4,
                  "max": 12
                }
              }
            ]
          }
        ]
      }
    ]
  }
  