{
  "parent": "nitco:nitco/root",
  "display": {
    "icon": {
      "item": "minecraft:iron_sword"
    },
    "title": "First Skirmish",
    "description": "Reveal the location of the Tyrant's trawler ship.",
    "frame": "task",
	"background": "minecraft:textures/block/polished_blackstone_bricks.png",
    "show_toast": true,
    "announce_to_chat": true,
    "hidden": false
  },
  "rewards": {
    "experience": 100
  },
  "criteria": {
    "co-siteplanner-1": {
      "trigger": "minecraft:impossible"
    }
  }
}