{
  "parent": "nitk:recipes/root",
  "display": {
    "icon": {
      "item": "minecraft:crafting_table"
    },
    "title": "Gradual Incline Crafting",
    "description": "Open a Site Planner with a Gradual Incline recipe.",
    "frame": "task",
    "show_toast": false,
    "announce_to_chat": false,
    "hidden": true
  },
  "rewards": {
    "function": "nitk:siteplanner/init_ramp_gradual_up"
  },
  "criteria": {
    "open-dropper": {
      "trigger": "minecraft:item_used_on_block",
      "conditions": {
        "location": [
          {
            "condition": "minecraft:location_check",
            "predicate": {
              "block": {
                  "blocks": [
                    "minecraft:dropper"
                  ],
                  "nbt": "{Items:[{Slot:0b,id:\"minecraft:dirt\",Count:4b},{Slot:1b,id:\"minecraft:dirt\",Count:4b},{Slot:2b,id:\"minecraft:oak_log\",Count:4b},{Slot:3b,id:\"minecraft:dirt\",Count:4b},{Slot:4b,id:\"minecraft:oak_log\",Count:4b},{Slot:5b,id:\"minecraft:stone\",Count:4b},{Slot:6b,id:\"minecraft:oak_log\",Count:4b},{Slot:7b,id:\"minecraft:stone\",Count:4b},{Slot:8b,id:\"minecraft:stone\",Count:4b}]}"
              }
            }
          }
        ]
      }
    }
  }
}