{
  "name": "nitref:dragon_sites/dragon_egg",
  "fallback": "minecraft:empty",
  "elements": [
	  {
      "weight": 1,
      "element": {
        "location": "nitref:dragon_sites/dragon_egg_whole",
        "processors": "minecraft:empty",
        "projection": "rigid",
        "element_type": "minecraft:single_pool_element"
      }
    },
	  {
      "weight": 3,
      "element": {
        "location": "nitref:dragon_sites/dragon_egg_cracked",
        "processors": "minecraft:empty",
        "projection": "rigid",
        "element_type": "minecraft:single_pool_element"
      }
    },
	  {
      "weight": 8,
      "element": {
        "location": "nitref:dragon_sites/dragon_egg_empty",
        "processors": "minecraft:empty",
        "projection": "rigid",
        "element_type": "minecraft:single_pool_element"
      }
    }
  ]
}