{
  "type": "minecraft:command",
  "pools": [
    {
      "rolls": 4,
      "entries": [
        {
          "type": "minecraft:loot_table",
          "name": "nitk:command/outpost/trader_badlands",
          "conditions": [
            {
              "condition": "minecraft:reference",
              "name": "nitk:biome/badlands"
            }
          ]
        },
        {
          "type": "minecraft:loot_table",
          "name": "nitk:command/outpost/trader_birch_forest",
          "conditions": [
            {
              "condition": "minecraft:reference",
              "name": "nitk:biome/birch_forest"
            }
          ]
        },
        {
          "type": "minecraft:loot_table",
          "name": "nitk:command/outpost/trader_cherry_blossom",
          "conditions": [
            {
              "condition": "minecraft:reference",
              "name": "nitk:biome/cherry_blossom"
            }
          ]
        },
        {
          "type": "minecraft:loot_table",
          "name": "nitk:command/outpost/trader_dark_forest",
          "conditions": [
            {
              "condition": "minecraft:reference",
              "name": "nitk:biome/dark_forest"
            }
          ]
        },
        {
          "type": "minecraft:loot_table",
          "name": "nitk:command/outpost/trader_desert",
          "conditions": [
            {
              "condition": "minecraft:reference",
              "name": "nitk:biome/desert"
            }
          ]
        },
        {
          "type": "minecraft:loot_table",
          "name": "nitk:command/outpost/trader_flower",
          "conditions": [
            {
              "condition": "minecraft:reference",
              "name": "nitk:biome/flower"
            }
          ]
        },
        {
          "type": "minecraft:loot_table",
          "name": "nitk:command/outpost/trader_gravel",
          "conditions": [
            {
              "condition": "minecraft:reference",
              "name": "nitk:biome/gravel"
            }
          ]
        },
        {
          "type": "minecraft:loot_table",
          "name": "nitk:command/outpost/trader_ice",
          "conditions": [
            {
              "condition": "minecraft:reference",
              "name": "nitk:biome/ice"
            }
          ]
        },
        {
          "type": "minecraft:loot_table",
          "name": "nitk:command/outpost/trader_jungle",
          "conditions": [
            {
              "condition": "minecraft:reference",
              "name": "nitk:biome/jungle"
            }
          ]
        },
        {
          "type": "minecraft:loot_table",
          "name": "nitk:command/outpost/trader_mangrove_swamp",
          "conditions": [
            {
              "condition": "minecraft:reference",
              "name": "nitk:biome/mangrove_swamp"
            }
          ]
        },
        {
          "type": "minecraft:loot_table",
          "name": "nitk:command/outpost/trader_mountains",
          "conditions": [
            {
              "condition": "minecraft:reference",
              "name": "nitk:biome/mountains"
            }
          ]
        },
        {
          "type": "minecraft:loot_table",
          "name": "nitk:command/outpost/trader_mushroom",
          "conditions": [
            {
              "condition": "minecraft:reference",
              "name": "nitk:biome/mushroom"
            }
          ]
        },
        {
          "type": "minecraft:loot_table",
          "name": "nitk:command/outpost/trader_oak_forest",
          "conditions": [
            {
              "condition": "minecraft:reference",
              "name": "nitk:biome/oak_forest"
            }
          ]
        },
        {
          "type": "minecraft:loot_table",
          "name": "nitk:command/outpost/trader_ocean",
          "conditions": [
            {
              "condition": "minecraft:reference",
              "name": "nitk:biome/ocean"
            }
          ]
        },
        {
          "type": "minecraft:loot_table",
          "name": "nitk:command/outpost/trader_plains",
          "conditions": [
            {
              "condition": "minecraft:reference",
              "name": "nitk:biome/plains"
            }
          ]
        },
        {
          "type": "minecraft:loot_table",
          "name": "nitk:command/outpost/trader_river",
          "conditions": [
            {
              "condition": "minecraft:reference",
              "name": "nitk:biome/river"
            }
          ]
        },
        {
          "type": "minecraft:loot_table",
          "name": "nitk:command/outpost/trader_savanna",
          "conditions": [
            {
              "condition": "minecraft:reference",
              "name": "nitk:biome/savanna"
            }
          ]
        },
        {
          "type": "minecraft:loot_table",
          "name": "nitk:command/outpost/trader_snow",
          "conditions": [
            {
              "condition": "minecraft:reference",
              "name": "nitk:biome/snow"
            }
          ]
        },
        {
          "type": "minecraft:loot_table",
          "name": "nitk:command/outpost/trader_spruce_forest",
          "conditions": [
            {
              "condition": "minecraft:reference",
              "name": "nitk:biome/spruce_forest"
            }
          ]
        },
        {
          "type": "minecraft:loot_table",
          "name": "nitk:command/outpost/trader_stone",
          "conditions": [
            {
              "condition": "minecraft:reference",
              "name": "nitk:biome/stone"
            }
          ]
        },
        {
          "type": "minecraft:loot_table",
          "name": "nitk:command/outpost/trader_swamp",
          "conditions": [
            {
              "condition": "minecraft:reference",
              "name": "nitk:biome/swamp"
            }
          ]
        },
        {
          "type": "minecraft:loot_table",
          "name": "nitk:command/outpost/trader_terralith/alpine",
          "conditions": [
            {
              "condition": "minecraft:reference",
              "name": "nitk:biome/terralith/alpine"
            }
          ]
        },
        {
          "type": "minecraft:loot_table",
          "name": "nitk:command/outpost/trader_terralith/amethyst",
          "conditions": [
            {
              "condition": "minecraft:reference",
              "name": "nitk:biome/terralith/amethyst"
            }
          ]
        },
        {
          "type": "minecraft:loot_table",
          "name": "nitk:command/outpost/trader_terralith/ancient_sands",
          "conditions": [
            {
              "condition": "minecraft:reference",
              "name": "nitk:biome/terralith/ancient_sands"
            }
          ]
        },
        {
          "type": "minecraft:loot_table",
          "name": "nitk:command/outpost/trader_terralith/basalt_cliffs",
          "conditions": [
            {
              "condition": "minecraft:reference",
              "name": "nitk:biome/terralith/basalt_cliffs"
            }
          ]
        },
        {
          "type": "minecraft:loot_table",
          "name": "nitk:command/outpost/trader_terralith/calcite",
          "conditions": [
            {
              "condition": "minecraft:reference",
              "name": "nitk:biome/terralith/calcite"
            }
          ]
        },
        {
          "type": "minecraft:loot_table",
          "name": "nitk:command/outpost/trader_terralith/mud_savanna",
          "conditions": [
            {
              "condition": "minecraft:reference",
              "name": "nitk:biome/terralith/mud_savanna"
            }
          ]
        },
        {
          "type": "minecraft:loot_table",
          "name": "nitk:command/outpost/trader_terralith/oasis",
          "conditions": [
            {
              "condition": "minecraft:reference",
              "name": "nitk:biome/terralith/oasis"
            }
          ]
        },
        {
          "type": "minecraft:loot_table",
          "name": "nitk:command/outpost/trader_terralith/scarlet",
          "conditions": [
            {
              "condition": "minecraft:reference",
              "name": "nitk:biome/terralith/scarlet"
            }
          ]
        },
        {
          "type": "minecraft:loot_table",
          "name": "nitk:command/outpost/trader_terralith/skylands",
          "conditions": [
            {
              "condition": "minecraft:reference",
              "name": "nitk:biome/terralith/skylands"
            }
          ]
        },
        {
          "type": "minecraft:loot_table",
          "name": "nitk:command/outpost/trader_terralith/volcano",
          "conditions": [
            {
              "condition": "minecraft:reference",
              "name": "nitk:biome/terralith/volcano"
            }
          ]
        },
        {
          "type": "minecraft:loot_table",
          "name": "nitk:command/outpost/trader_terralith/warped_mesa",
          "conditions": [
            {
              "condition": "minecraft:reference",
              "name": "nitk:biome/terralith/warped_mesa"
            }
          ]
        },
        {
          "type": "minecraft:loot_table",
          "name": "nitk:command/outpost/trader_terralith/yellowstone",
          "conditions": [
            {
              "condition": "minecraft:reference",
              "name": "nitk:biome/terralith/yellowstone"
            }
          ]
        }
      ]
    }
  ]
}