{
    "type": "minecraft:command",
    "pools": [
      {
        "rolls": 1,
        "entries": [
          {
            "type": "minecraft:item",
            "weight": 1,
            "name": "minecraft:grass"
          },
          {
            "type": "minecraft:item",
            "weight": 1,
            "name": "minecraft:fern"
          },
          {
            "type": "minecraft:tag",
            "weight": 1,
            "name": "minecraft:flowers",
            "expand": true
          },
          {
            "type": "minecraft:item",
            "weight": 1,
            "name": "minecraft:wheat_seeds"
          }
        ]
      }
    ]
  }
  