{
  "parent": "nitco:nitco/trawler_ship",
  "display": {
    "icon": {
      "item": "minecraft:crying_obsidian"
    },
    "title": {
      "translate": "nitco.advancement.portal_factory",
      "fallback": "A Dark Factory"
    },
    "description": {
      "translate": "nitco.advancement.portal_factory.desc",
      "fallback": "Reveal the location of the Tyrant's portal factory."
    },
    "frame": "task",
	"background": "minecraft:textures/block/polished_blackstone_bricks.png",
    "show_toast": true,
    "announce_to_chat": true,
    "hidden": false
  },
  "rewards": {
    "experience": 100
  },
  "criteria": {
    "co-siteplanner-5": {
      "trigger": "minecraft:impossible"
    }
  }
}