{
    "Building Permit": {
        "id": "paper",
        "cmd": 8601000
    },
    "Castle Permit": {
        "id": "paper",
        "cmd": 8601001
    },
    "Lamp Light Permit": {
        "id": "paper",
        "cmd": 8601002
    },
    "Lamp Post Permit": {
        "id": "paper",
        "cmd": 8601003
    },
    "Bank Note": {
        "id": "paper",
        "cmd": 8601004
    },
    "Undead Soul": {
        "id": "music_disc_13",
        "cmd": 8601005
    },
    "Enderift Keystone": {
        "id": "music_disc_mellohi",
        "cmd": 8601006
    },
    "Inscribed Sundisc": {
        "id": "music_disc_strad",
        "cmd": 8601007
    },
    "Condemned Salve": {
        "id": "music_disc_wait",
        "cmd": 8601008
    },
    "Builder's Wish": {
        "id": "music_disc_chirp",
        "cmd": 8601009
    },
    "Tyrannical Heart": {
        "id": "firework_star",
        "cmd": 8601010
    },
    "Reinforced Brick": {
        "id": "nether_brick",
        "cmd": 8601011
    },
    "Tyranny Spotter": {
        "id": "compass",
        "cmd": 8601012
    },
    "End Invasion Plans": {
        "id": "music_disc_13",
        "cmd": 8601013
    },
    "Tyrant Locus": {
        "id": "ender_eye",
        "cmd": 8601014
    },
    "Dragon Scale": {
        "id": "flint",
        "cmd": 8601015
    },
    "Dragon Research": {
        "id": "knowledge_book",
        "cmd": 8601016
    },
    "Piece of Infinity": {
        "id": "music_disc_11",
        "cmd": 8601017
    },
    "Secret Artifact": {
        "id": "structure_void",
        "cmd": 8601018
    },
    "Site Planner": {
        "id": "crafting_table",
        "cmd": 8601019
    },
    "War Planner": {
        "id": "crafting_table",
        "cmd": 8601020
    },
    "Tower Planner": {
        "id": "crafting_table",
        "cmd": 8601021
    }
}