{
  "type": "minecraft:command",
  "pools": [
    {
      "rolls": 1,
      "entries": [
        {
          "type": "minecraft:item",
          "weight": 1,
          "name": "minecraft:red_sand"
        },
        {
          "type": "minecraft:item",
          "weight": 1,
          "name": "minecraft:weeping_vines"
        },
        {
          "type": "minecraft:item",
          "weight": 1,
          "name": "minecraft:red_terracotta"
        },
        {
          "type": "minecraft:item",
          "weight": 1,
          "name": "minecraft:red_sandstone"
        },
        {
          "type": "minecraft:loot_table",
          "weight": 1,
          "name": "nitco:entity/blaze"
        }
      ]
    }
  ]
}
