{
  "type": "minecraft:command",
  "pools": [
    {
      "rolls": 1,
      "entries": [
        {
          "type": "minecraft:item",
          "weight": 1,
          "name": "minecraft:quartz_block"
        },
        {
          "type": "minecraft:item",
          "weight": 1,
          "name": "minecraft:glass"
        },
        {
          "type": "minecraft:item",
          "weight": 1,
          "name": "minecraft:warped_planks"
        },
        {
          "type": "minecraft:item",
          "weight": 1,
          "name": "minecraft:fire_charge"
        },
        {
          "type": "minecraft:loot_table",
          "weight": 1,
          "name": "nitco:entity/ghast"
        }
      ]
    }
  ]
}
