{
  "type": "minecraft:command",
  "pools": [
    {
      "rolls": 1,
      "entries": [
        {
          "type": "minecraft:item",
          "weight": 1,
          "name": "minecraft:green_terracotta",
          "functions": [
            {
              "function": "set_count",
              "count": {
                "type": "uniform",
                "min": 4,
                "max": 12
              }
            }
          ]
        },
        {
          "type": "minecraft:item",
          "weight": 1,
          "name": "minecraft:lime_terracotta",
          "functions": [
            {
              "function": "set_count",
              "count": {
                "type": "uniform",
                "min": 4,
                "max": 12
              }
            }
          ]
        },
        {
          "type": "minecraft:item",
          "weight": 1,
          "name": "minecraft:blackstone",
          "functions": [
            {
              "function": "set_count",
              "count": {
                "type": "uniform",
                "min": 4,
                "max": 12
              }
            }
          ]
        },
        {
          "type": "minecraft:item",
          "weight": 1,
          "name": "minecraft:yellow_terracotta",
          "functions": [
            {
              "function": "set_count",
              "count": {
                "type": "uniform",
                "min": 4,
                "max": 12
              }
            }
          ]
        },
        {
          "type": "minecraft:loot_table",
          "weight": 1,
          "name": "nitco:entity/slime",
          "functions": [
            {
              "function": "set_count",
              "count": {
                "type": "uniform",
                "min": 4,
                "max": 12
              }
            }
          ]
        }
      ]
    }
  ]
}
