{
  "type": "minecraft:command",
  "pools": [
    {
      "rolls": 1,
      "entries": [
        {
          "type": "minecraft:item",
          "name": "minecraft:enchanted_book",
          "functions": [
            {
              "function": "minecraft:set_nbt",
              "tag": "{Tags:[smithed.entity,smithed.strict,nitLibBook1]}"
            },
            {
              "function": "minecraft:enchant_randomly",
              "enchantments": [
                "minecraft:knockback",
                "minecraft:efficiency",
                "minecraft:smite",
                "minecraft:depth_strider",
                "minecraft:projectile_protection",
                "minecraft:protection",
                "minecraft:fortune"
              ]
            }
          ]
        }
      ]
    },
    {
      "rolls": 1,
      "entries": [
        {
          "type": "minecraft:item",
          "name": "minecraft:enchanted_book",
          "functions": [
            {
              "function": "minecraft:set_nbt",
              "tag": "{Tags:[smithed.entity,smithed.strict,nitLibBook2]}"
            },
            {
              "function": "minecraft:enchant_randomly",
              "enchantments": [
                "minecraft:fire_protection",
                "minecraft:feather_falling",
                "minecraft:blast_protection",
                "minecraft:aqua_affinity",
                "minecraft:sharpness",
                "minecraft:looting",
                "minecraft:unbreaking"
              ]
            }
          ]
        }
      ]
    },
    {
      "rolls": 1,
      "entries": [
        {
          "type": "minecraft:item",
          "name": "minecraft:enchanted_book",
          "functions": [
            {
              "function": "minecraft:set_nbt",
              "tag": "{Tags:[smithed.entity,smithed.strict,nitLibBook3]}"
            },
            {
              "function": "minecraft:enchant_randomly",
              "enchantments": [
                "minecraft:fire_aspect",
                "minecraft:silk_touch",
                "minecraft:unbreaking",
                "minecraft:infinity",
                "minecraft:loyalty",
                "minecraft:mending",
                "minecraft:luck_of_the_sea"
              ]
            }
          ]
        }
      ]
    }
  ]
}