{
    "condition": "minecraft:alternative",
    "terms": [
      {
        "condition": "minecraft:location_check",
        "predicate": {
          "biome": "minecraft:frozen_peaks"
        }
      },
      {
        "condition": "minecraft:location_check",
        "predicate": {
          "biome": "minecraft:jagged_peaks"
        }
      },
      {
        "condition": "minecraft:location_check",
        "predicate": {
          "biome": "minecraft:stony_peaks"
        }
      },
      {
        "condition": "minecraft:location_check",
        "predicate": {
          "biome": "minecraft:windswept_hills"
        }
      },
      {
        "condition": "minecraft:location_check",
        "predicate": {
          "biome": "minecraft:windswept_gravelly_hills"
        }
      },
      {
        "condition": "minecraft:location_check",
        "predicate": {
          "biome": "terralith:emerald_peaks"
        }
      },
      {
        "condition": "minecraft:location_check",
        "predicate": {
          "biome": "terralith:haze_mountain"
        }
      },
      {
        "condition": "minecraft:location_check",
        "predicate": {
          "biome": "terralith:jungle_mountains"
        }
      },
      {
        "condition": "minecraft:location_check",
        "predicate": {
          "biome": "terralith:mountain_steppe"
        }
      },
      {
        "condition": "minecraft:location_check",
        "predicate": {
          "biome": "terralith:painted_mountains"
        }
      },
      {
        "condition": "minecraft:location_check",
        "predicate": {
          "biome": "terralith:rocky_mountains"
        }
      },
      {
        "condition": "minecraft:location_check",
        "predicate": {
          "biome": "terralith:windswept_spires"
        }
      },
      {
        "condition": "minecraft:location_check",
        "predicate": {
          "biome": "terralith:yosemite_cliffs"
        }
      }
    ]
  }
  