{
  "type": "minecraft:command",
  "pools": [
    {
      "rolls": 1,
      "entries": [
        {
          "type": "minecraft:item",
          "name": "minecraft:paper",
          "functions": [
            {
              "function": "minecraft:set_nbt",
              "tag": "{CustomModelData:8601002,nitk_lampContract:1b,HideFlags:1,display:{Lore:['{\"translate\":\"nitk.item.lamp_contract.desc\",\"fallback\":\"Used to build or update\",\"color\":\"gray\",\"italic\":false}','{\"translate\":\"nitk.item.light_contract.desc\",\"fallback\":\"your town\\'s Lamp Lights.\",\"color\":\"gray\",\"italic\":false}'],Name:'{\"translate\":\"nitk.item.light_contract\",\"fallback\":\"Lamp Light Contract\",\"color\":\"blue\",\"italic\":false}'},Enchantments:[{id:\"minecraft:protection\",lvl:0}]}"
            }
          ]
        }
      ]
    },
    {
      "rolls": 1,
      "entries": [
        {
          "type": "minecraft:item",
          "name": "minecraft:paper",
          "functions": [
            {
              "function": "minecraft:set_nbt",
              "tag": "{CustomModelData:8601003,nitk_postContract:1b,HideFlags:1,display:{Lore:['{\"translate\":\"nitk.item.lamp_contract.desc\",\"fallback\":\"Used to build or update\",\"color\":\"gray\",\"italic\":false}','{\"translate\":\"nitk.item.post_contract.desc\",\"fallback\":\"your town\\'s Lamp Posts.\",\"color\":\"gray\",\"italic\":false}'],Name:'{\"translate\":\"nitk.item.post_contract\",\"fallback\":\"Lamp Post Contract\",\"color\":\"blue\",\"italic\":false}'},Enchantments:[{id:\"minecraft:protection\",lvl:0}]}"
            }
          ]
        }
      ]
    }
  ]
}
