{
  "type": "minecraft:command",
  "pools": [
    {
      "rolls": 1,
      "entries": [
        {
          "type": "minecraft:item",
          "name": "minecraft:music_disc_stal",
          "functions": [
            {
              "function": "minecraft:set_nbt",
              "tag": "{CustomModelData:8601017,nitk_artifact:1b,nitk_uniqueItem:7b,HideFlags:1,display:{Lore:['{\"translate\":\"nitk.item.mysterious_artifact.desc\",\"fallback\":\"A mysterious artifact\",\"color\":\"gray\",\"italic\":false}','{\"translate\":\"nitk.item.piece_of_infinity.desc\",\"fallback\":\"of prison-like density.\",\"color\":\"gray\",\"italic\":false}'],Name:'{\"translate\":\"nitk.item.piece_of_infinity\",\"fallback\":\"Piece of Infinity\",\"color\":\"white\",\"italic\":false}'},Enchantments:[{id:\"minecraft:protection\",lvl:0}]}"
            }
          ]
        }
      ]
    }
  ]
}
