{
  "type": "minecraft:command",
  "pools": [
    {
      "rolls": 1,
      "entries": [
        {
          "type": "minecraft:item",
          "name": "minecraft:compass",
          "functions": [
            {
              "function": "minecraft:set_nbt",
              "tag": "{CustomModelData:8601012,nitco_compass:1b,HideFlags:1,display:{Name:'{\"translate\":\"nitk.item.tyranny_spotter\",\"fallback\":\"Tyranny Spotter\",\"color\":\"dark_red\",\"italic\":false}',Lore:['{\"translate\":\"nitk.item.tyranny_spotter.desc.1\",\"fallback\":\"Points to the Tyrant\\'s\",\"color\":\"gray\",\"italic\":false}','{\"translate\":\"nitk.item.tyranny_spotter.desc.2\",\"fallback\":\"nearest active base\",\"color\":\"gray\",\"italic\":false}','{\"translate\":\"nitk.item.tyranny_spotter.desc.3\",\"fallback\":\"with a magical flame.\",\"color\":\"gray\",\"italic\":false}']},Enchantments:[{lvl:0,id:\"minecraft:protection\"}]}"
            }
          ]
        }
      ]
    }
  ]
}
