{
    "pools": [
        {
            "rolls": 1,
            "entries": [
                {
                    "type": "minecraft:item",
                    "name": "minecraft:stone"
                },
                {
                    "type": "minecraft:item",
                    "name": "minecraft:dirt"
                },
                {
                    "type": "minecraft:item",
                    "name": "minecraft:sand"
                },
                {
                    "type": "minecraft:item",
                    "name": "minecraft:netherrack"
                },
                {
                    "type": "minecraft:item",
                    "name": "minecraft:end_stone"
                }
            ]
        }
    ]
}