{
  "parent": "nitk:recipes/recipe_railway",
  "display": {
    "icon": {
      "item": "minecraft:crafting_table"
    },
    "title": "Railway Station Crafting",
    "description": "Open a Rail Planner with a Railway Station recipe.",
    "frame": "task",
    "show_toast": false,
    "announce_to_chat": false,
    "hidden": true
  },
  "rewards": {
    "function": "nitk:siteplanner/railway/init_railway"
  },
  "criteria": {
    "open-dropper": {
      "trigger": "minecraft:item_used_on_block",
      "conditions": {
        "location": [
          {
            "condition": "minecraft:location_check",
            "predicate": {
              "block": {
                "blocks": [
                  "minecraft:dropper"
                ],
                "nbt": "{Items:[{Slot:0b,id:\"minecraft:iron_ingot\",Count:24b},{Slot:1b,id:\"minecraft:redstone\",Count:16b},{Slot:2b,id:\"minecraft:iron_ingot\",Count:24b},{Slot:3b,id:\"minecraft:lantern\",Count:4b},{Slot:4b,id:\"minecraft:paper\",Count:1b,tag:{nitk_buildingPermit:1b}},{Slot:5b,id:\"minecraft:lantern\",Count:4b},{Slot:6b,id:\"minecraft:oak_log\",Count:64b},{Slot:7b,id:\"minecraft:stone\",Count:32b},{Slot:8b,id:\"minecraft:oak_log\",Count:64b}]}"
              }
            }
          }
        ]
      }
    }
  }
}