{
    "type": "minecraft:command",
    "pools": [
      {
        "rolls": 1,
        "entries": [
          {
            "type": "minecraft:item",
            "weight": 1,
            "name": "minecraft:soul_sand"
          },
          {
            "type": "minecraft:item",
            "weight": 1,
            "name": "minecraft:soul_soil"
          },
          {
            "type": "minecraft:item",
            "weight": 1,
            "name": "minecraft:bone_block"
          },
          {
            "type": "minecraft:item",
            "weight": 1,
            "name": "minecraft:crimson_roots"
          },
          {
            "type": "minecraft:loot_table",
            "weight": 1,
            "name": "nitco:entity/ghast"
          }
        ]
      }
    ]
  }
  