{
  "type": "minecraft:command",
  "pools": [
    {
      "rolls": 1,
      "entries": [
        {
          "type": "minecraft:item",
          "name": "minecraft:paper",
          "functions": [
            {
              "function": "minecraft:set_nbt",
              "tag": "{nitk_bankNote:1b,HideFlags:1,display:{Lore:['{\"text\":\"A receipt for resources\",\"color\":\"gray\",\"italic\":false}','{\"text\":\"to be used in Banking,\",\"color\":\"gray\",\"italic\":false}','{\"text\":\"and to upgrade some sites.\",\"color\":\"gray\",\"italic\":false}'],Name:'{\"text\":\"Bank Note\",\"color\":\"green\",\"italic\":false}'},Enchantments:[{id:\"minecraft:protection\",lvl:0}]}"
            }
          ]
        }
      ]
    }
  ]
}
