{
  "type": "minecraft:command",
  "pools": [
    {
      "rolls": 1,
      "entries": [
        {
          "type": "minecraft:item",
          "name": "minecraft:nether_brick",
          "functions": [
            {
              "function": "minecraft:set_nbt",
              "tag": "{nitco_strongBrick:1b,HideFlags:1,display:{Name:'{\"text\":\"Reinforced Brick\",\"color\":\"red\",\"italic\":false}'},Enchantments:[{id:\"minecraft:protection\",lvl:0}]}"
            }
          ]
        }
      ]
    }
  ]
}
