{
  "parent": "minecraft:block/crafting_table",
  "overrides": [
    {
      "predicate": {"custom_model_data": 8601019}, "model": "nitk:item/site_planner"
    },
    {
      "predicate": {"custom_model_data": 8601020}, "model": "nitk:item/war_planner"
    },
    {
      "predicate": {"custom_model_data": 8601021}, "model": "nitk:item/tower_planner"
    },
    {
      "predicate": {"custom_model_data": 8602012}, "model": "nitdim:item/ship_planner"
    },
    {
      "predicate": {"custom_model_data": 8602013}, "model": "nitdim:item/shaft_planner"
    },
    {
      "predicate": {"custom_model_data": 8602014}, "model": "nitdim:item/machine_planner"
    }
  ]
}