{
  "type": "minecraft:command",
  "pools": [
    {
      "rolls": 12,
      "entries": [
        {
          "type": "minecraft:loot_table",
          "name": "nitco:command/doompump/generic"
        },
        {
          "type": "minecraft:loot_table",
          "name": "nitco:command/doompump/basalt",
          "conditions": [
            {
              "condition": "minecraft:reference",
              "name": "nitco:biome/basalt"
            }
          ]
        },
        {
          "type": "minecraft:loot_table",
          "name": "nitco:command/doompump/warped",
          "conditions": [
            {
              "condition": "minecraft:reference",
              "name": "nitco:biome/warped"
            }
          ]
        },
        {
          "type": "minecraft:loot_table",
          "name": "nitco:command/doompump/crimson",
          "conditions": [
            {
              "condition": "minecraft:reference",
              "name": "nitco:biome/crimson"
            }
          ]
        },
        {
          "type": "minecraft:loot_table",
          "name": "nitco:command/doompump/soul",
          "conditions": [
            {
              "condition": "minecraft:reference",
              "name": "nitco:biome/soul"
            }
          ]
        },
        {
          "type": "minecraft:loot_table",
          "name": "nitco:command/doompump/incendium/quartz",
          "conditions": [
            {
              "condition": "minecraft:reference",
              "name": "nitco:biome/incendium/quartz"
            }
          ]
        },
        {
          "type": "minecraft:loot_table",
          "name": "nitco:command/doompump/incendium/dunes",
          "conditions": [
            {
              "condition": "minecraft:reference",
              "name": "nitco:biome/incendium/dunes"
            }
          ]
        },
        {
          "type": "minecraft:loot_table",
          "name": "nitco:command/doompump/incendium/slime",
          "conditions": [
            {
              "condition": "minecraft:reference",
              "name": "nitco:biome/incendium/slime"
            }
          ]
        }
      ]
    }
  ]
}