{
  "type": "minecraft:command",
  "pools": [
    {
      "rolls": 12,
      "entries": [
        {
          "type": "minecraft:loot_table",
          "name": "nitco:command/doompump/trader_generic"
        },
        {
          "type": "minecraft:loot_table",
          "name": "nitco:command/doompump/trader_basalt",
          "conditions": [
            {
              "condition": "minecraft:reference",
              "name": "nitco:biome/basalt"
            }
          ]
        },
        {
          "type": "minecraft:loot_table",
          "name": "nitco:command/doompump/trader_warped",
          "conditions": [
            {
              "condition": "minecraft:reference",
              "name": "nitco:biome/warped"
            }
          ]
        },
        {
          "type": "minecraft:loot_table",
          "name": "nitco:command/doompump/trader_crimson",
          "conditions": [
            {
              "condition": "minecraft:reference",
              "name": "nitco:biome/crimson"
            }
          ]
        },
        {
          "type": "minecraft:loot_table",
          "name": "nitco:command/doompump/trader_soul",
          "conditions": [
            {
              "condition": "minecraft:reference",
              "name": "nitco:biome/soul"
            }
          ]
        },
        {
          "type": "minecraft:loot_table",
          "name": "nitco:command/doompump/incendium/trader_quartz",
          "conditions": [
            {
              "condition": "minecraft:reference",
              "name": "nitco:biome/incendium/quartz"
            }
          ]
        },
        {
          "type": "minecraft:loot_table",
          "name": "nitco:command/doompump/incendium/trader_dunes",
          "conditions": [
            {
              "condition": "minecraft:reference",
              "name": "nitco:biome/incendium/trader_dunes"
            }
          ]
        },
        {
          "type": "minecraft:loot_table",
          "name": "nitco:command/doompump/incendium/trader_slime",
          "conditions": [
            {
              "condition": "minecraft:reference",
              "name": "nitco:biome/incendium/slime"
            }
          ]
        }
      ]
    }
  ]
}