{
    "type": "minecraft:command",
    "pools": [
      {
        "rolls": 1,
        "entries": [
          {
            "type": "minecraft:item",
            "weight": 1,
            "name": "minecraft:mud"
          },
          {
            "type": "minecraft:item",
            "weight": 1,
            "name": "minecraft:mangrove_love"
          },
          {
            "type": "minecraft:item",
            "weight": 1,
            "name": "minecraft:mangrove_propagule"
          },
          {
            "type": "minecraft:item",
            "weight": 1,
            "name": "minecraft:water_bucket"
          }
        ]
      }
    ]
  }
  