{
    "type": "minecraft:command",
    "pools": [
      {
        "rolls": 1,
        "entries": [
          {
            "type": "minecraft:item",
            "weight": 1,
            "name": "minecraft:wheat_seeds"
          },
          {
            "type": "minecraft:loot_table",
            "weight": 1,
            "name": "minecraft:entities/sheep"
          },
          {
            "type": "minecraft:loot_table",
            "weight": 1,
            "name": "minecraft:entities/pig"
          },
          {
            "type": "minecraft:loot_table",
            "weight": 1,
            "name": "minecraft:entities/cow"
          },
          {
            "type": "minecraft:loot_table",
            "weight": 1,
            "name": "minecraft:entities/chicken"
          }
        ]
      }
    ]
  }
  