{
    "type": "minecraft:command",
    "pools": [
      {
        "rolls": 1,
        "entries": [
          {
            "type": "minecraft:item",
            "weight": 1,
            "name": "minecraft:grass",
            "functions": [
              {
                "function": "set_count",
                "count": {
                  "type": "uniform",
                  "min": 4,
                  "max": 12
                }
              }
            ]
          },
          {
            "type": "minecraft:item",
            "weight": 1,
            "name": "minecraft:fern",
            "functions": [
              {
                "function": "set_count",
                "count": {
                  "type": "uniform",
                  "min": 4,
                  "max": 12
                }
              }
            ]
          },
          {
            "type": "minecraft:tag",
            "weight": 1,
            "name": "minecraft:flowers",
            "expand": true,
            "functions": [
              {
                "function": "set_count",
                "count": {
                  "type": "uniform",
                  "min": 4,
                  "max": 12
                }
              }
            ]
          },
          {
            "type": "minecraft:item",
            "weight": 1,
            "name": "minecraft:wheat_seeds",
            "functions": [
              {
                "function": "set_count",
                "count": {
                  "type": "uniform",
                  "min": 4,
                  "max": 12
                }
              }
            ]
          }
        ]
      }
    ]
  }
  