{
  "parent": "nitk:recipes/root",
  "display": {
    "icon": {
      "item": "minecraft:crafting_table"
    },
    "title": "Town Hall Crafting",
    "description": "Open a Site Planner with a Town Hall recipe.",
    "frame": "task",
    "show_toast": false,
    "announce_to_chat": false,
    "hidden": true
  },
  "rewards": {
    "function": "nitk:siteplanner/upgrades/init_town_hall"
  },
  "criteria": {
    "open-dropper": {
      "trigger": "minecraft:item_used_on_block",
      "conditions": {
        "location": {
          "block": {
            "blocks": [
              "minecraft:dropper"
            ],
			      "nbt":"{Items:[{Slot:0b,id:\"minecraft:deepslate\",Count:16b},{Slot:1b,id:\"minecraft:copper_block\",Count:16b},{Slot:2b,id:\"minecraft:deepslate\",Count:16b},{Slot:3b,id:\"minecraft:bricks\",Count:32b},{Slot:4b,id:\"minecraft:paper\",Count:3b,tag:{nitk_bankNote:1b}},{Slot:5b,id:\"minecraft:bricks\",Count:32b},{Slot:6b,id:\"minecraft:smooth_stone\",Count:16b},{Slot:7b,id:\"minecraft:bookshelf\",Count:8b},{Slot:8b,id:\"minecraft:smooth_stone\",Count:16b}]}"
          }
        }
      }
    }
  }
}