{
    "type": "minecraft:entity",
    "pools": [
      {
        "rolls": 1,
        "bonus_rolls": 0,
        "entries": [
          {
            "type": "minecraft:item",
            "name": "minecraft:slime_ball",
            "functions": [
              {
                "function": "minecraft:set_count",
                "count": {
                  "type": "minecraft:uniform",
                  "min": 2,
                  "max": 4
                },
                "add": false
              },
              {
                "function": "minecraft:looting_enchant",
                "count": {
                  "type": "minecraft:uniform",
                  "min": 1,
                  "max": 3
                }
              }
            ],
            "conditions": [
              {
                "condition": "minecraft:inverted",
                "term": {
                  "condition": "minecraft:damage_source_properties",
                  "predicate": {
                    "source_entity": {
                      "type": "minecraft:frog"
                    }
                  }
                }
              }
            ]
          },
          {
            "type": "minecraft:item",
            "name": "minecraft:slime_ball",
            "functions": [
              {
                "function": "minecraft:set_count",
                "count": 6,
                "add": false
              }
            ],
            "conditions": [
              {
                "condition": "minecraft:damage_source_properties",
                "predicate": {
                  "source_entity": {
                    "type": "minecraft:frog"
                  }
                }
              }
            ]
          }
        ]
      }
    ],
    "random_sequence": "minecraft:entities/slime"
  }
  