{
    "parent": "nitco:nitco/root",
    "display": {
      "icon": {
        "item": "minecraft:netherite_helmet"
      },
      "title": "Tragic Ancestors",
      "description": "Lay to rest the spirits at the Withermaw.",
      "frame": "challenge",
      "background": "minecraft:textures/block/oak_planks.png",
      "show_toast": true,
      "announce_to_chat": true,
      "hidden": false
    },
    "rewards": {
      "experience": 500
    },
    "criteria": {
      "p_k_e-ancient_builder": {
        "trigger": "minecraft:impossible"
      }
    }
  }