{
  "type": "minecraft:command",
  "pools": [
    {
      "rolls": 1,
      "entries": [
        {
          "type": "minecraft:item",
          "name": "minecraft:music_disc_chirp",
          "functions": [
            {
              "function": "minecraft:set_nbt",
              "tag": "{CustomModelData:8601009,nitk_artifact:1b,nitk_uniqueItem:5b,HideFlags:1,display:{Lore:['{\"translate\":\"nitk.item.mysterious_artifact.desc\",\"fallback\":\"A mysterious artifact\",\"color\":\"gray\",\"italic\":false}','{\"translate\":\"nitk.item.builders_wish.desc\",\"fallback\":\"of birth and undeath.\",\"color\":\"gray\",\"italic\":false}'],Name:'{\"translate\":\"nitk.item.builders_wish\",\"fallback\":\"Builder\\'s Wish\",\"color\":\"dark_red\",\"italic\":false}'},Enchantments:[{id:\"minecraft:protection\",lvl:0}]}"
            }
          ]
        }
      ]
    }
  ]
}
