{
  "type": "minecraft:command",
  "pools": [
    {
      "rolls": 1,
      "entries": [
        {
          "type": "minecraft:item",
          "name": "minecraft:music_disc_strad",
          "functions": [
            {
              "function": "minecraft:set_nbt",
              "tag": "{CustomModelData:8601007,nitk_artifact:1b,nitk_uniqueItem:3b,HideFlags:1,display:{Lore:['{\"translate\":\"nitk.item.mysterious_artifact.desc\",\"fallback\":\"A mysterious artifact\",\"color\":\"gray\",\"italic\":false}','{\"translate\":\"nitk.item.inscribed_sundisc.desc\",\"fallback\":\"emblazoned with cosmic knowledge.\",\"color\":\"gray\",\"italic\":false}'],Name:'{\"translate\":\"nitk.item.inscribed_sundisc\",\"fallback\":\"Inscribed Sundisc\",\"color\":\"gold\",\"italic\":false}'},Enchantments:[{id:\"minecraft:protection\",lvl:0}]}"
            }
          ]
        }
      ]
    }
  ]
}
