{
  "parent": "nitref:recipes/root",
  "display": {
    "icon": {
      "item": "minecraft:crafting_table"
    },
    "title": "Golden Apple Tree Crafting",
    "description": "Open a Site Planner with a Golden Apple Tree recipe.",
    "frame": "task",
    "show_toast": false,
    "announce_to_chat": false,
    "hidden": true
  },
  "rewards": {
    "function": "nitref:siteplanner/init_gappletree"
  },
  "criteria": {
    "open-dropper": {
      "trigger": "minecraft:item_used_on_block",
      "conditions": {
        "location": {
		  "position": {
            "y": {
              "min": 0,
              "max": 241
            }
          },
          "block": {
            "blocks": [
              "minecraft:dropper"
            ],
			"nbt":"{Items:[{Slot:0b,id:\"minecraft:golden_apple\",Count:4b},{Slot:1b,id:\"minecraft:oak_sapling\",Count:6b},{Slot:2b,id:\"minecraft:gold_block\",Count:2b},{Slot:3b,id:\"minecraft:popped_chorus_fruit\",Count:16b},{Slot:4b,id:\"minecraft:ender_eye\",Count:1b,tag:{nitref_tyrantLocus:1b}},{Slot:5b,id:\"minecraft:end_rod\",Count:4b},{Slot:6b,id:\"minecraft:obsidian\",Count:8b},{Slot:7b,id:\"minecraft:grass_block\",Count:16b},{Slot:8b,id:\"minecraft:end_stone\",Count:24b}]}"
          }
        }
      }
    }
  }
}