{
  "parent": "nitref:recipes/root",
  "display": {
    "icon": {
      "item": "minecraft:crafting_table"
    },
    "title": "Dragonologist Study Crafting",
    "description": "Open a Site Planner with an Dragonologist Study recipe.",
    "frame": "task",
    "show_toast": false,
    "announce_to_chat": false,
    "hidden": true
  },
  "rewards": {
    "function": "nitref:siteplanner/init_dragonologist"
  },
  "criteria": {
    "open-dropper": {
      "trigger": "minecraft:item_used_on_block",
      "conditions": {
        "location": {
		  "position": {
            "y": {
              "min": 0,
              "max": 241
            }
          },
          "block": {
            "blocks": [
              "minecraft:dropper"
            ],
			      "nbt":"{Items:[{Slot:0b,id:\"minecraft:coal_block\",Count:12b},{Slot:1b,id:\"minecraft:amethyst_block\",Count:8b},{Slot:2b,id:\"minecraft:coal_block\",Count:12b},{Slot:3b,id:\"minecraft:popped_chorus_fruit\",Count:16b},{Slot:4b,id:\"minecraft:ender_eye\",Count:1b,tag:{nitref_tyrantLocus:1b}},{Slot:5b,id:\"minecraft:purple_candle\",Count:4b},{Slot:6b,id:\"minecraft:obsidian\",Count:24b},{Slot:7b,id:\"minecraft:nether_brick\",Count:32b},{Slot:8b,id:\"minecraft:end_stone\",Count:48b}]}"
          }
        }
      }
    }
  }
}