{
  "parent": "nitref:nitref/ach2.2",
  "display": {
    "icon": {
      "item": "minecraft:player_head",
      "nbt": "{SkullOwner: 'MHF_Enderman'}"
    },
    "title": "A Shining City",
    "description": "Build a tower with every functional feature.",
    "frame": "challenge",
    "show_toast": true,
    "announce_to_chat": true,
    "hidden": false
  },
  "rewards": {
    "experience": 1000
  },
  "criteria": {
    "build-aviary": {
      "trigger": "minecraft:impossible"
    },
	"build-chorus": {
      "trigger": "minecraft:impossible"
    },
	"build-electrician": {
      "trigger": "minecraft:impossible"
    },
	"build-endstone": {
      "trigger": "minecraft:impossible"
    },
	"build-gappletree": {
      "trigger": "minecraft:impossible"
    },
	"build-gcarrot": {
      "trigger": "minecraft:impossible"
    },
	"build-inflava": {
      "trigger": "minecraft:impossible"
    },
	"build-livingroom": {
      "trigger": "minecraft:impossible"
    },
	"build-oyster": {
      "trigger": "minecraft:impossible"
    },
	"build-portal": {
      "trigger": "minecraft:impossible"
    },
	"build-shulkervault": {
      "trigger": "minecraft:impossible"
    },
	"build-slime": {
      "trigger": "minecraft:impossible"
    },
	"build-throne": {
      "trigger": "minecraft:impossible"
    },
	"build-warped": {
      "trigger": "minecraft:impossible"
    },
	"build-slowfall": {
      "trigger": "minecraft:impossible"
    },
    "build-dragonologist": {
        "trigger": "minecraft:impossible"
      }
  }
}