{
  "parent": "nitco:nitco/ghast_nursery",
  "display": {
    "icon": {
      "item": "minecraft:wither_skeleton_skull"
    },
    "title": {
      "translate": "nitco.advancement.black_barracks",
      "fallback": "Army of the Undead"
    },
    "description": {
      "translate": "nitco.advancement.black_barracks.desc",
      "fallback": "Destroy the Tyrant's Black Barracks."
    },
    "frame": "task",
	"background": "minecraft:textures/block/polished_blackstone_bricks.png",
    "show_toast": true,
    "announce_to_chat": true,
    "hidden": false
  },
  "rewards": {
    "experience": 100
  },
  "criteria": {
    "discovered": {
      "trigger": "minecraft:impossible"
    }
  }
}