{
  "parent": "nitco:nitco/black_barracks",
  "display": {
    "icon": {
      "item": "minecraft:purple_stained_glass"
    },
    "title": {
      "translate": "nitco.advancement.eternity_beacon",
      "fallback": "Endless Darkness"
    },
    "description": {
      "translate": "nitco.advancement.eternity_beacon.desc",
      "fallback": "Put a stop to the Tyrant's Eternity Beacon."
    },
    "frame": "task",
	"background": "minecraft:textures/block/polished_blackstone_bricks.png",
    "show_toast": true,
    "announce_to_chat": true,
    "hidden": false
  },
  "rewards": {
    "experience": 100
  },
  "criteria": {
    "discovered": {
      "trigger": "minecraft:impossible"
    }
  }
}