{
  "parent": "nitk:nitk/enter_nether",
  "display": {
    "icon": {
      "item": "minecraft:nether_star"
    },
    "title": {
      "translate": "nitco.advancement.root",
      "fallback": "Counteroffensive"
    },
    "description": {
      "translate": "nitco.advancement.root.desc",
      "fallback": "Take the fight to the Tyrant's home field."
    },
    "frame": "task",
	"background": "minecraft:textures/block/polished_blackstone_bricks.png",
    "show_toast": true,
    "announce_to_chat": true,
    "hidden": false
  },
  "criteria": {
    "contract": {
      "trigger": "minecraft:impossible"
    }
  }
}