{
  "parent": "nitco:nitco/ancient_drill",
  "display": {
    "icon": {
      "item": "minecraft:wither_rose"
    },
    "title": "Grim Reunion",
    "description": "Summon the Tyrant at the Portal Factory.",
    "frame": "goal",
	"background": "minecraft:textures/block/polished_blackstone_bricks.png",
    "show_toast": true,
    "announce_to_chat": true,
    "hidden": false
  },
  "criteria": {
    "summon-wither-factory": {
      "trigger": "minecraft:impossible"
    }
  }
}