{
    "type": "minecraft:command",
    "pools": [
      {
        "rolls": {
          "min": 2,
          "max": 3
        },
        "entries": [
          {
            "type": "minecraft:group",
            "children": [
              {
                "type": "minecraft:item",
                "weight": 9,
                "name": "minecraft:spectral_arrow",
                "functions": [
                  {
                    "function": "minecraft:set_count",
                    "count": {
                      "min": 2,
                      "max": 15
                    }
                  }
                ]
              },
              {
                "type": "minecraft:item",
                "weight": 9,
                "name": "minecraft:phantom_membrane",
                "functions": [
                  {
                    "function": "minecraft:set_count",
                    "count": {
                      "min": 1,
                      "max": 3
                    }
                  }
                ]
              }
            ]
          },
          {
            "type": "minecraft:group",
            "children": [
              {
                "type": "minecraft:item",
                "weight": 12,
                "name": "minecraft:rabbit_hide",
                "functions": [
                  {
                    "function": "minecraft:set_count",
                    "count": {
                      "min": 4,
                      "max": 7
                    }
                  }
                ]
              },
              {
                "type": "minecraft:item",
                "weight": 12,
                "name": "minecraft:rabbit_foot"
              },
              {
                "type": "minecraft:item",
                "weight": 12,
                "name": "minecraft:cooked_rabbit",
                "functions": [
                  {
                    "function": "minecraft:set_count",
                    "count": {
                      "min": 5,
                      "max": 9
                    }
                  }
                ]
              }
            ]
          },
          {
            "type": "minecraft:group",
            "children": [
              {
                "type": "minecraft:item",
                "weight": 3,
                "name": "minecraft:compass"
              },
              {
                "type": "minecraft:item",
                "weight": 3,
                "name": "minecraft:lodestone"
              }
            ]
          },
          {
            "type": "minecraft:item",
            "weight": 10,
            "name": "minecraft:map",
            "functions": [
              {
                "function": "minecraft:set_count",
                "count": {
                  "min": 2,
                  "max": 5
                }
              }
            ]
          },
          {
            "type": "minecraft:item",
            "weight": 5,
            "name": "minecraft:crossbow",
            "functions": [
              {
                "function": "minecraft:enchant_with_levels",
                "levels": {
                  "min": 10,
                  "max": 25
                },
                "treasure": true
              }
            ]
          },
          {
            "type": "minecraft:item",
            "weight": 6,
            "name": "minecraft:bow",
            "functions": [
              {
                "function": "minecraft:enchant_with_levels",
                "levels": {
                  "min": 10,
                  "max": 25
                },
                "treasure": true
              }
            ]
          },
          {
            "type": "minecraft:item",
            "weight": 4,
            "name": "minecraft:diamond",
            "functions": [
              {
                "function": "minecraft:set_count",
                "count": {
                  "min": 2,
                  "max": 6
                }
              }
            ]
          },
          {
            "type": "minecraft:item",
            "weight": 18,
            "name": "minecraft:gold_ingot",
            "functions": [
              {
                "function": "minecraft:set_count",
                "count": {
                  "min": 5,
                  "max": 16
                }
              }
            ]
          },
          {
            "type": "minecraft:item",
            "weight": 20,
            "name": "minecraft:arrow",
            "functions": [
              {
                "function": "minecraft:set_count",
                "count": {
                  "min": 8,
                  "max": 32
                }
              }
            ]
          }
        ]
      }
    ]
  }
  