{
  "type": "minecraft:command",
  "pools": [
    {
      "rolls": 1,
      "entries": [
        {
          "type": "minecraft:item",
          "name": "minecraft:paper",
          "functions": [
            {
              "function": "minecraft:set_nbt",
              "tag": "{CustomModelData:8601000,nitk_buildingPermit:1b,HideFlags:1,display:{Lore:['{\"text\":\"The final ingredient\",\"color\":\"gray\",\"italic\":false}','{\"text\":\"in new town structures.\",\"color\":\"gray\",\"italic\":false}'],Name:'{\"text\":\"Building Permit\",\"color\":\"blue\",\"italic\":false}'},Enchantments:[{id:\"minecraft:protection\",lvl:0}]}"
            }
          ]
        }
      ]
    }
  ]
}
