{
  "type": "minecraft:command",
  "pools": [
    {
      "rolls": 1,
      "entries": [
        {
          "type": "minecraft:item",
          "name": "minecraft:music_disc_wait",
          "functions": [
            {
              "function": "minecraft:set_nbt",
              "tag": "{CustomModelData:8601008,nitk_artifact:1b,nitk_uniqueItem:4b,HideFlags:1,display:{Lore:['{\"text\":\"A mysterious artifact\",\"color\":\"gray\",\"italic\":false}','{\"text\":\"banished to the depths.\",\"color\":\"gray\",\"italic\":false}'],Name:'{\"text\":\"Condemned Salve\",\"color\":\"dark_blue\",\"italic\":false}'},Enchantments:[{id:\"minecraft:protection\",lvl:0}]}"
            }
          ]
        }
      ]
    }
  ]
}
