{
  "type": "minecraft:command",
  "pools": [
    {
      "rolls": 1,
      "entries": [
        {
          "type": "minecraft:item",
          "name": "minecraft:music_disc_13",
          "functions": [
            {
              "function": "minecraft:set_nbt",
              "tag": "{CustomModelData:8601013,nitk_uniqueItem:6b,HideFlags:1,display:{Lore:['{\"text\":\"A dangerous threat\",\"color\":\"gray\",\"italic\":false}','{\"text\":\"for things yet to come.\",\"color\":\"gray\",\"italic\":false}'],Name:'{\"text\":\"End Invasion Plans\",\"color\":\"dark_red\",\"italic\":false}'},Enchantments:[{id:\"minecraft:protection\",lvl:0}]}"
            }
          ]
        }
      ]
    }
  ]
}
