{
  "type": "minecraft:command",
  "pools": [
    {
      "rolls": 1,
      "entries": [
        {
          "type": "minecraft:item",
          "name": "minecraft:music_disc_mellohi",
          "functions": [
            {
              "function": "minecraft:set_nbt",
              "tag": "{CustomModelData:8601006,nitk_artifact:1b,nitk_uniqueItem:2b,HideFlags:1,display:{Lore:['{\"text\":\"A mysterious artifact\",\"color\":\"gray\",\"italic\":false}','{\"text\":\"locked high in the sky.\",\"color\":\"gray\",\"italic\":false}'],Name:'{\"text\":\"Enderift Keystone\",\"color\":\"light_purple\",\"italic\":false}'},Enchantments:[{id:\"minecraft:protection\",lvl:0}]}"
            }
          ]
        }
      ]
    }
  ]
}
