{
  "type": "minecraft:command",
  "pools": [
    {
      "rolls": 1,
      "entries": [
        {
          "type": "minecraft:item",
          "name": "minecraft:music_disc_strad",
          "functions": [
            {
              "function": "minecraft:set_nbt",
              "tag": "{CustomModelData:8601007,nitk_artifact:1b,nitk_uniqueItem:3b,HideFlags:1,display:{Lore:['{\"text\":\"A mysterious artifact\",\"color\":\"gray\",\"italic\":false}','{\"text\":\"emblazoned with cosmic knowledge.\",\"color\":\"gray\",\"italic\":false}'],Name:'{\"text\":\"Inscribed Sundisc\",\"color\":\"gold\",\"italic\":false}'},Enchantments:[{id:\"minecraft:protection\",lvl:0}]}"
            }
          ]
        }
      ]
    }
  ]
}
