{
  "parent": "nitk:adventure/technical_loot_quest",
  "display": {
    "icon": {
      "item": "minecraft:spawner"
    },
    "title": {
      "translate": "nitk.advancement.quest.dungeon",
      "fallback": "Dungeon Quest"
    },
    "description": {
      "translate": "nitk.advancement.quest.dungeon.desc",
      "fallback": "Find loot in a Mob Dungeon"
    },
    "frame": "goal",
    "show_toast": false,
    "announce_to_chat": false,
    "hidden": true
  },
  "criteria": {
    "criteria": {
      "trigger": "minecraft:impossible"
    }
  }
}
