{
  "parent": "nitk:adventure/technical_kill_quest",
  "display": {
    "icon": {
      "item": "minecraft:heart_of_the_sea"
    },
    "title": {
      "translate": "nitk.advancement.quest.elder_guardian",
      "fallback": "Elder Guardian Quest"
    },
    "description": {
      "translate": "nitk.advancement.quest.elder_guardian.desc",
      "fallback": "Slay an Elder Guardian in an Ocean Monument"
    },
    "frame": "goal",
    "show_toast": false,
    "announce_to_chat": false,
    "hidden": true
  },
  "criteria": {
    "criteria": {
      "trigger": "minecraft:impossible"
    }
  }
}
