{
  "parent": "nitk:adventure/technical_kill_quest",
  "display": {
    "icon": {
      "item": "minecraft:totem_of_undying"
    },
    "title": {
      "translate": "nitk.advancement.quest.evoker",
      "fallback": "Woodland Mansion Quest"
    },
    "description": {
      "translate": "nitk.advancement.quest.evoker.desc",
      "fallback": "Slay an Evoker in a Woodland Mansion"
    },
    "frame": "goal",
    "show_toast": false,
    "announce_to_chat": false,
    "hidden": true
  },
  "criteria": {
    "criteria": {
      "trigger": "minecraft:impossible"
    }
  }
}
