{
  "parent": "nitk:adventure/technical_other_quest",
  "display": {
    "icon": {
      "item": "minecraft:carved_pumpkin"
    },
    "title": {
      "translate": "nitk.advancement.quest.iron_golem",
      "fallback": "Iron Golem Quest"
    },
    "description": {
      "translate": "nitk.advancement.quest.iron_golem.desc",
      "fallback": "Summon an Iron Golem in a village of any kind"
    },
    "frame": "goal",
    "show_toast": false,
    "announce_to_chat": false,
    "hidden": true
  },
  "criteria": {
    "criteria": {
      "trigger": "minecraft:impossible"
    }
  }
}
