{
  "parent": "nitk:adventure/technical_loot_quest",
  "display": {
    "icon": {
      "item": "minecraft:dispenser"
    },
    "title": {
      "translate": "nitk.advancement.quest.jungle_pyramid",
      "fallback": "Jungle Pyramid Quest"
    },
    "description": {
      "translate": "nitk.advancement.quest.jungle_pyramid",
      "fallback": "Find treasure in a Jungle Pyramid"
    },
    "frame": "goal",
    "show_toast": false,
    "announce_to_chat": false,
    "hidden": true
  },
  "criteria": {
    "criteria": {
      "trigger": "minecraft:impossible"
    }
  }
}
