{
  "parent": "nitk:adventure/technical_loot_quest",
  "display": {
    "icon": {
      "item": "minecraft:bookshelf"
    },
    "title": {
      "translate": "nitk.advancement.quest.stronghold_library",
      "fallback": "Stronghold Library Quest"
    },
    "description": {
      "translate": "nitk.advancement.quest.stronghold_library.desc",
      "fallback": "Find loot in a Strongold Library"
    },
    "frame": "goal",
    "show_toast": false,
    "announce_to_chat": false,
    "hidden": true
  },
  "criteria": {
    "criteria": {
      "trigger": "minecraft:impossible"
    }
  }
}
