{
  "parent": "nitk:recipes/root",
  "display": {
    "icon": {
      "item": "minecraft:crafting_table"
    },
    "title": "Adventure Guild Crafting",
    "description": "L = Oak Log\nS = Stone\nQ = Building Permit\nM = Empty Map\nI = Iron Sword\nC = Mossy Cobble\nMx1  | Ix1 | Cx4\nLx16 |  Q  | Lx16\nLx8  | Sx4 | Lx8",
    "frame": "task",
    "show_toast": false,
    "announce_to_chat": false,
    "hidden": true
  },
  "rewards": {
    "function": "nitk:siteplanner/init_adventureguild"
  },
  "criteria": {
    "open-dropper": {
      "trigger": "minecraft:item_used_on_block",
      "conditions": {
        "location": {
          "block": {
            "blocks": [
              "minecraft:dropper"
            ],
            "nbt": "{Items:[{Slot:0b,id:\"minecraft:map\",Count:1b},{Slot:1b,id:\"minecraft:iron_sword\",Count:1b},{Slot:2b,id:\"minecraft:mossy_cobblestone\",Count:4b},{Slot:3b,id:\"minecraft:oak_log\",Count:16b},{Slot:4b,id:\"minecraft:paper\",Count:1b,tag:{nitk_buildingPermit:1b}},{Slot:5b,id:\"minecraft:oak_log\",Count:16b},{Slot:6b,id:\"minecraft:oak_log\",Count:8b},{Slot:7b,id:\"minecraft:stone\",Count:4b},{Slot:8b,id:\"minecraft:oak_log\",Count:8b}]}"
          }
        }
      }
    }
  }
}