{
    "type": "minecraft:command",
    "pools": [
      {
        "rolls": 1,
        "entries": [
          {
            "type": "minecraft:item",
            "name": "minecraft:reinforced_deepslate"
          },
          {
            "type": "minecraft:item",
            "name": "minecraft:chest"
          },
          {
            "type": "minecraft:item",
            "name": "minecraft:string"
          },
          {
            "type": "minecraft:item",
            "name": "minecraft:conduit"
          },
          {
            "type": "minecraft:item",
            "name": "minecraft:spawner"
          },
          {
            "type": "minecraft:item",
            "name": "minecraft:prismarine"
          },
          {
            "type": "minecraft:item",
            "name": "minecraft:dark_oak_log"
          },
          {
            "type": "minecraft:item",
            "name": "minecraft:golden_apple"
          },
          {
            "type": "minecraft:item",
            "name": "minecraft:blue_ice"
          },
          {
            "type": "minecraft:item",
            "name": "minecraft:iron_block"
          },
          {
            "type": "minecraft:item",
            "name": "minecraft:mossy_cobblestone"
          },
          {
            "type": "minecraft:item",
            "name": "minecraft:red_mushroom_block"
          },
          {
            "type": "minecraft:item",
            "name": "minecraft:music_disc_cat"
          },
          {
            "type": "minecraft:item",
            "name": "minecraft:porkchop"
          },
          {
            "type": "minecraft:item",
            "name": "minecraft:snowball"
          },
          {
            "type": "minecraft:item",
            "name": "minecraft:book"
          },
          {
            "type": "minecraft:item",
            "name": "minecraft:trident"
          },
          {
            "type": "minecraft:item",
            "name": "minecraft:cauldron"
          }
        ]
      }
    ]
  }
  