{
    "condition": "minecraft:any_of",
    "terms": [
      {
        "condition": "minecraft:location_check",
        "predicate": {
          "biome": "minecraft:forest"
        }
      },
      {
        "condition": "minecraft:location_check",
        "predicate": {
          "biome": "minecraft:flower_forest"
        }
      },
      {
        "condition": "minecraft:location_check",
        "predicate": {
          "biome": "minecraft:windswept_forest"
        }
      },
      {
        "condition": "minecraft:location_check",
        "predicate": {
          "biome": "minecraft:haze_mountain"
        }
      },
      {
        "condition": "minecraft:location_check",
        "predicate": {
          "biome": "terralith:alpha_islands"
        }
      },
      {
        "condition": "minecraft:location_check",
        "predicate": {
          "biome": "terralith:alpha_islands_winter"
        }
      },
      {
        "condition": "minecraft:location_check",
        "predicate": {
          "biome": "terralith:yoesemite_lowlands"
        }
      }
    ]
  }
  