{
  "type": "minecraft:command",
  "pools": [
    {
      "rolls": 1,
      "entries": [
        {
          "type": "minecraft:item",
          "name": "minecraft:music_disc_chirp",
          "functions": [
            {
              "function": "minecraft:set_nbt",
              "tag": "{nitk_artifact:1b,nitk_uniqueItem:5b,HideFlags:1,display:{Lore:['{\"text\":\"A mysterious artifact\",\"color\":\"gray\",\"italic\":false}','{\"text\":\"of birth and undeath.\",\"color\":\"gray\",\"italic\":false}'],Name:'{\"text\":\"Builder\\'s Wish\",\"color\":\"dark_red\",\"italic\":false}'},Enchantments:[{id:\"minecraft:protection\",lvl:0}]}"
            }
          ]
        }
      ]
    }
  ]
}
