{
  "parent": "nitk:recipes/root",
  "display": {
    "icon": {
      "item": "minecraft:crafting_table"
    },
    "title": "Wizard Tower Crafting",
    "description": "Open a Site Planner with a Wizard Tower recipe.",
    "frame": "task",
    "show_toast": false,
    "announce_to_chat": false,
    "hidden": true
  },
  "rewards": {
    "function": "nitk:siteplanner/init_wizardtower"
  },
  "criteria": {
    "open-dropper": {
      "trigger": "minecraft:item_used_on_block",
      "conditions": {
        "location": [
          {
            "condition": "minecraft:location_check",
            "predicate": {
              "block": {
                  "blocks": [
                    "minecraft:dropper"
                  ],
                  "nbt": "{Items:[{Slot:0b,id:\"minecraft:bookshelf\",Count:4b},{Slot:1b,id:\"minecraft:obsidian\",Count:2b},{Slot:2b,id:\"minecraft:bookshelf\",Count:4b},{Slot:3b,id:\"minecraft:lapis_lazuli\",Count:2b},{Slot:4b,id:\"minecraft:paper\",Count:1b,tag:{nitk_buildingPermit:1b}},{Slot:5b,id:\"minecraft:diamond\",Count:2b},{Slot:6b,id:\"minecraft:stone\",Count:64b},{Slot:7b,id:\"minecraft:lava_bucket\",Count:1b},{Slot:8b,id:\"minecraft:stone\",Count:64b}]}"
              }
            }
          }
        ]
      }
    }
  }
}