{
  "display": {
    "icon": {
      "item": "minecraft:crafting_table"
    },
    "title": "Mine Crafting",
    "description": "Open a Site Planner with a Mine recipe.",
    "frame": "task",
    "show_toast": false,
    "announce_to_chat": false,
    "hidden": true
  },
  "rewards": {
    "function": "nitk:siteplanner/init_mine"
  },
  "criteria": {
    "open-dropper": {
      "trigger": "minecraft:item_used_on_block",
      "conditions": {
        "location": [
          {
            "condition": "minecraft:location_check",
            "predicate": {
              "block": {
                "blocks": [
                  "minecraft:dropper"
                ],
                "nbt": "{Items:[{Slot:0b,id:\"minecraft:oak_log\",Count:4b},{Slot:1b,id:\"minecraft:iron_pickaxe\",Count:1b},{Slot:2b,id:\"minecraft:oak_log\",Count:4b},{Slot:3b,id:\"minecraft:oak_log\",Count:4b},{Slot:4b,id:\"minecraft:paper\",Count:1b,tag:{nitk_buildingPermit:1b}},{Slot:5b,id:\"minecraft:oak_log\",Count:4b},{Slot:6b,id:\"minecraft:stone\",Count:32b},{Slot:7b,id:\"minecraft:iron_shovel\",Count:1b},{Slot:8b,id:\"minecraft:stone\",Count:32b}]}"
              }
            }
          }
        ]
      }
    }
  }
}
