{
  "criteria": {
    "requirement": {
      "trigger": "minecraft:location",
      "conditions": {
        "player": [
          {
            "condition": "minecraft:entity_properties",
            "entity": "this",
            "predicate": {
              "nbt": "{Tags:[nitDragonologyBuilt]}",
              "location": {
                "structure": "nitref:dragon_sites/dragon_egg"
              }
            }
          }
        ]
      }
    }
  },
  "rewards": {
    "function": "nitref:recurs/dragonology/earn_scales"
  }
}
