{
  "criteria": {
    "cleared": {
      "trigger": "minecraft:impossible",
      "conditions": {}
    },
    "discovered_drill": {
      "trigger": "minecraft:tick",
      "conditions": {
        "player": [
          {
            "condition": "minecraft:entity_properties",
            "entity": "this",
            "predicate": {
              "type_specific": {
                "type": "player",
                "advancements": {
                  "nitco:nitco/ancient_drill": true
                }
              }
            }
          }
        ]
      }
    }
  },
  "rewards": {
    "function": "nitk:tutorial/ancient_drill"
  }
}
