{
  "parent": "nitco:recipes/root",
  "display": {
    "icon": {
      "item": "minecraft:crafting_table"
    },
    "title": "Demolitions Bridge Crafting",
    "description": "Open a War Planner with a Demolitions Bridge recipe.",
    "frame": "task",
    "show_toast": false,
    "announce_to_chat": false,
    "hidden": true
  },
  "rewards": {
    "function": "nitco:siteplanner/init_demolitions"
  },
  "criteria": {
    "open-dropper": {
      "trigger": "minecraft:item_used_on_block",
      "conditions": {
        "location": [
          {
            "condition": "minecraft:location_check",
            "predicate": {
              "block": {
            "blocks": [
              "minecraft:dropper"
            ],
			"nbt":"{Items:[{Slot:0b,id:\"minecraft:obsidian\",Count:8b},{Slot:1b,id:\"minecraft:gunpowder\",Count:16b},{Slot:2b,id:\"minecraft:obsidian\",Count:8b},{Slot:3b,id:\"minecraft:iron_ingot\",Count:4b},{Slot:4b,id:\"minecraft:gold_ingot\",Count:12b},{Slot:5b,id:\"minecraft:iron_ingot\",Count:4b},{Slot:6b,id:\"minecraft:nether_brick\",Count:8b},{Slot:7b,id:\"minecraft:nether_brick\",Count:16b},{Slot:8b,id:\"minecraft:nether_brick\",Count:8b}]}"
              }
            }
          }
        ]
      }
    }
  }
}