{
  "type": "minecraft:command",
  "pools": [
    {
      "rolls": 1,
      "entries": [
        {
          "type": "minecraft:item",
          "name": "minecraft:written_book",
          "functions": [
            {
              "function": "minecraft:set_nbt",
              "tag": "{pages:['[\"\",{\"text\":\"\\\\n\\\\n\\\\n\\\\n\\\\n \\\\u0020 \\\\u0020 \\\\u0020 \"},{\"text\":\"Start your\\\\n \\\\u0020 \\\\u0020 \\\\u0020 settlement!\",\"color\":\"dark_green\",\"clickEvent\":{\"action\":\"run_command\",\"value\":\"/trigger nitContract set 1\"},\"hoverEvent\":{\"action\":\"show_text\",\"contents\":\"THIS CANNOT BE UNDONE\"}}]'],title:\"Town Charter\",author:\"The Mayor\",ench:[{id:0,lvl:0}],HideFlags:1}"
            }
          ]
        }
      ]
    }
  ]
}
