{
    "condition": "minecraft:any_of",
    "terms": [
      {
        "condition": "minecraft:location_check",
        "predicate": {
          "biome": "minecraft:basalt_deltas"
        }
      },
      {
        "condition": "minecraft:location_check",
        "predicate": {
          "biome": "incendium:ash_barrens"
        }
      },
      {
        "condition": "minecraft:location_check",
        "predicate": {
          "biome": "incendium:volcanic_deltas"
        }
      },
      {
        "condition": "minecraft:location_check",
        "predicate": {
          "biome": "incendium:withered_forest"
        }
      }
    ]
  }
  