{
    "criteria": {
      "requirement": {
        "trigger": "minecraft:tick",
        "conditions": {
          "player": [
            {
              "condition": "minecraft:value_check",
              "value": {
                "type": "minecraft:score",
                "target": "this",
                "score": "nitTutorialStatus"
              },
              "range": 1
            }
          ]
        }
      },
      "trade": {
        "trigger": "minecraft:villager_trade",
        "conditions": {
          "villager": {
            "nbt": "{Tags:[nitKTP]}"
          },
          "item": {
            "nbt": "{nitk_castlePermit:1b}"
          }
        }
      }
    },
    "rewards": {
      "function": "nitk:tutorial/castle_permits"
    }
  }
  