{
  "criteria": {
    "requirement": {
      "trigger": "minecraft:inventory_changed",
      "conditions": {
        "player": [
          {
            "condition": "minecraft:value_check",
            "value": {
              "type": "minecraft:score",
              "target": "this",
              "score": "nitTutorialStatus"
            },
            "range": {
              "min": 1
            }
          }
        ],
        "items": [
          {
            "nbt": "{nitco_compass:1b}"
          }
        ]
      }
    }
  },
  "rewards": {
    "function": "nitk:tutorial/tyranny_spotter"
  }
}
