{
  "parent": "namespace:recipes/root",
  "display": {
    "icon": {
      "item": "minecraft:crafting_table"
    },
    "title": "structurename Crafting",
    "description": "G = Gold Ingot\nR = Reinforcd Brck\n1 = <item>\n2 = <item>\n3 = <item>\n4 = <item>\n5 = <item>\n<item>x<quantity>  | <item>x<quantity> | <item>x<quantity>\n<item>x<quantity> | <item>x<quantity> | <item>x<quantity>\nRx16 | Rx32 | Rx16",
    "frame": "task",
    "show_toast": false,
    "announce_to_chat": false,
    "hidden": true
  },
  "rewards": {
    "function": "namespace:siteplanner/keep/init_structurename"
  },
  "criteria": {
    "open-dropper": {
      "trigger": "minecraft:item_used_on_block",
      "conditions": {
        "location": {
          "block": {
            "blocks": [
              "minecraft:dropper"
            ],
			"nbt":"{Items:[{Slot: 0b, id: \"minecraft:<item>\", Count: <quantity>b}, {Slot: 1b, id: \"minecraft:<item>\", Count: <quantity>b}, {Slot: 2b, id: \"minecraft:<item>\", Count: <quantity>b}, {Slot: 3b, id: \"minecraft:<item>\", Count: <quantity>b}, {Slot: 4b, id: \"minecraft:<item>\", Count: <quantity>b}, {Slot: 5b, id: \"minecraft:<item>\", Count: <quantity>b}, {Slot: 6b, id: \"minecraft:nether_brick\", Count: 16b, tag: {nitco_strongBrick:1b}}, {Slot: 7b, id: \"minecraft:nether_brick\", Count: 32b, tag: {nitco_strongBrick:1b}}, {Slot: 8b, id: \"minecraft:nether_brick\", Count: 16b, tag: {nitco_strongBrick:1b}}]}"
          }
        }
      }
    }
  }
}