{
  "type": "minecraft:command",
  "pools": [
    {
      "rolls": 1,
      "entries": [
        {
          "type": "minecraft:item",
          "name": "minecraft:paper",
          "functions": [
            {
              "function": "minecraft:set_nbt",
              "tag": "{CustomModelData:8601001,nitk_castlePermit:1b,HideFlags:1,display:{Lore:['{\"text\":\"For preparing sites\",\"color\":\"gray\",\"italic\":false}','{\"text\":\"for a unified fortress.\",\"color\":\"gray\",\"italic\":false}'],Name:'{\"text\":\"Castle Permit\",\"color\":\"blue\",\"italic\":false}'},Enchantments:[{id:\"minecraft:protection\",lvl:0}]}"
            }
          ]
        }
      ]
    }
  ]
}
