{
  "type": "minecraft:command",
  "pools": [
    {
      "rolls": 1,
      "entries": [
        {
          "type": "minecraft:item",
          "name": "minecraft:music_disc_stal",
          "functions": [
            {
              "function": "minecraft:set_nbt",
              "tag": "{CustomModelData:8601017,nitk_artifact:1b,nitk_uniqueItem:7b,HideFlags:1,display:{Lore:['{\"text\":\"A mysterious artifact\",\"color\":\"gray\",\"italic\":false}','{\"text\":\"of prison-like density.\",\"color\":\"gray\",\"italic\":false}'],Name:'{\"text\":\"Piece of Infinity\",\"color\":\"white\",\"italic\":false}'},Enchantments:[{id:\"minecraft:protection\",lvl:0}]}"
            }
          ]
        }
      ]
    }
  ]
}
