{
  "type": "minecraft:command",
  "pools": [
    {
      "rolls": 1,
      "entries": [
        {
          "type": "minecraft:item",
          "name": "minecraft:ender_eye",
          "functions": [
            {
              "function": "minecraft:set_nbt",
              "tag": "{CustomModelData:8601014,nitref_tyrantLocus:1b,HideFlags:1,display:{Lore:['{\"text\":\"The final ingredient in\",\"color\":\"gray\",\"italic\":false}','{\"text\":\"Ender refugee structures.\",\"color\":\"gray\",\"italic\":false}'],Name:'{\"text\":\"Tyrant Locus\",\"color\":\"aqua\",\"italic\":false}'},Enchantments:[{id:\"minecraft:protection\",lvl:0}]}"
            }
          ]
        }
      ]
    }
  ]
}
