{
  "parent": "nitco:recipes/keep/recipe_keep",
  "display": {
    "icon": {
      "item": "minecraft:crafting_table"
    },
    "title": "Infernal Court Crafting",
    "description": "Open a Keep Planner with an Infernal Court recipe.",
    "frame": "task",
    "show_toast": false,
    "announce_to_chat": false,
    "hidden": true
  },
  "rewards": {
    "function": "nitco:siteplanner/keep/init_court"
  },
  "criteria": {
    "open-dropper": {
      "trigger": "minecraft:item_used_on_block",
      "conditions": {
        "location": {
          "block": {
            "blocks": [
              "minecraft:dropper"
            ],
			"nbt":"{Items:[{Slot: 0b, id: \"minecraft:crimson_stem\", Count: 48b}, {Slot: 1b, id: \"minecraft:soul_soil\", Count: 48b}, {Slot: 2b, id: \"minecraft:warped_stem\", Count: 48b}, {Slot: 3b, id: \"minecraft:polished_basalt\", Count: 48b}, {Slot: 4b, id: \"minecraft:gold_ingot\", Count: 24b}, {Slot: 5b, id: \"minecraft:quartz_block\", Count: 48b}, {Slot: 6b, id: \"minecraft:nether_brick\", Count: 16b, tag: {nitco_strongBrick:1b}}, {Slot: 7b, id: \"minecraft:nether_brick\", Count: 32b, tag: {nitco_strongBrick:1b}}, {Slot: 8b, id: \"minecraft:nether_brick\", Count: 16b, tag: {nitco_strongBrick:1b}}]}"
          }
        }
      }
    }
  }
}