{
  "display": {
    "icon": {
      "item": "minecraft:bell"
    },
    "title": "Cathedral Bell",
    "description": "Ring the cathedral bell.",
    "frame": "task",
    "show_toast": false,
    "announce_to_chat": false,
    "hidden": true
  },
  "parent": "nitk:nitk/complete_town",
  "criteria": {
    "use-bell": {
      "trigger": "minecraft:item_used_on_block",
      "conditions": {
        "location": {
          "block": {
            "block": "minecraft:bell"
          }
        }
      }
    }
  },
  "rewards": {
    "function": "nitk:recurs/cathedral_bell"
  }
}