{
    "type": "minecraft:command",
    "pools": [
      {
        "rolls": 1,
        "entries": [
          {
            "type": "minecraft:item",
            "weight": 7,
            "name": "minecraft:flint",
            "functions": [
              {
                "function": "minecraft:set_count",
                "count": {
                  "min": 2,
                  "max": 12
                }
              },
              {
                  "function": "set_nbt",
                  "tag": "{display:{Name:'{\"text\":\"Dragon Scale\",\"color\":\"aqua\",\"italic\":false}'},nitref_dragonScale:1b}"
              }
            ]
          }
        ]
      }
    ]
  }
  