{
  "parent": "nitk:adventure/iron_golem_quest",
  "criteria": {
    "criteria": {
      "trigger": "minecraft:summoned_entity",
      "conditions": {
        "player": [
          {
            "condition": "minecraft:entity_properties",
            "entity": "this",
            "predicate": {
              "type_specific": {
                "type": "player",
                "advancements": {
                  "nitk:adventure/iron_golem_quest": true
                }
              }
            }
          }
        ],
        "entity": [
          {
            "condition": "minecraft:alternative",
            "terms": [
              {
                "condition": "minecraft:entity_properties",
                "entity": "this",
                "predicate": {
                  "type": "minecraft:iron_golem",
                  "location": {
                    "structure": "minecraft:village_desert"
                  }
                }
              },
              {
                "condition": "minecraft:entity_properties",
                "entity": "this",
                "predicate": {
                  "type": "minecraft:iron_golem",
                  "location": {
                    "structure": "minecraft:village_plains"
                  }
                }
              },
              {
                "condition": "minecraft:entity_properties",
                "entity": "this",
                "predicate": {
                  "type": "minecraft:iron_golem",
                  "location": {
                    "structure": "minecraft:village_savanna"
                  }
                }
              },
              {
                "condition": "minecraft:entity_properties",
                "entity": "this",
                "predicate": {
                  "type": "minecraft:iron_golem",
                  "location": {
                    "structure": "minecraft:village_snowy"
                  }
                }
              },
              {
                "condition": "minecraft:entity_properties",
                "entity": "this",
                "predicate": {
                  "type": "minecraft:iron_golem",
                  "location": {
                    "structure": "minecraft:village_taiga"
                  }
                }
              }
            ]
          }
        ]
      }
    }
  },
  "rewards": {
    "function": "nitk:recurs/adventure/inform"
  }
}
