{
  "parent": "nitk:adventure/technical_location_quest",
  "display": {
    "icon": {
      "item": "minecraft:red_mushroom_block"
    },
    "title": {
      "translate": "nitk.advancement.quest.mushroom",
      "fallback": "Mushroom Island Quest"
    },
    "description": {
      "translate": "nitk.advancement.quest.mushroom",
      "fallback": "Find Mushroom Island and explore the Mushroom Fields biome"
    },
    "frame": "goal",
    "show_toast": false,
    "announce_to_chat": false,
    "hidden": true
  },
  "criteria": {
    "criteria": {
      "trigger": "minecraft:impossible"
    }
  }
}
