{
  "parent": "nitk:adventure/technical_loot_quest",
  "display": {
    "icon": {
      "item": "minecraft:music_disc_cat"
    },
    "title": {
      "translate": "nitk.advancement.quest.music_disc",
      "fallback": "Music Disc Quest"
    },
    "description": {
      "translate": "nitk.advancement.quest.music_disc.desc",
      "fallback": "Collect any Music Disc"
    },
    "frame": "goal",
    "show_toast": false,
    "announce_to_chat": false,
    "hidden": true
  },
  "criteria": {
    "criteria": {
      "trigger": "minecraft:impossible"
    }
  }
}
