{
  "type": "minecraft:command",
  "pools": [
    {
      "rolls": 12,
      "entries": [
        {
          "type": "minecraft:item",
          "weight": 2,
          "name": "minecraft:poppy"
        },
        {
          "type": "minecraft:item",
          "weight": 2,
          "name": "minecraft:oxeye_daisy"
        },
        {
          "type": "minecraft:item",
          "weight": 2,
          "name": "minecraft:cornflower"
        },
        {
          "type": "minecraft:item",
          "weight": 1,
          "name": "minecraft:bone_meal",
          "functions": [
            {
              "function": "minecraft:set_count",
              "count": {
                "min": 2,
                "max": 4
              }
            }
          ]
        },
        {
          "type": "minecraft:item",
          "weight": 3,
          "name": "minecraft:grass"
        },
        {
          "type": "minecraft:item",
          "weight": 3,
          "name": "minecraft:fern"
        }
      ]
    }
  ]
}