{
    "condition": "minecraft:any_of",
    "terms": [
      {
        "condition": "minecraft:location_check",
        "predicate": {
          "biome": "terralith:desert_oasis"
        }
      },
      {
        "condition": "minecraft:location_check",
        "predicate": {
          "biome": "terralith:desert_spires"
        }
      },
      {
        "condition": "minecraft:location_check",
        "predicate": {
          "biome": "terralith:lush_desert"
        }
      },
      {
        "condition": "minecraft:location_check",
        "predicate": {
          "biome": "terralith:lush_valley"
        }
      }
    ]
  }
  