{
  "type": "minecraft:command",
  "pools": [
    {
      "rolls": 1,
      "entries": [
        {
          "type": "minecraft:item",
          "name": "minecraft:written_book",
          "functions": [
            {
              "function": "minecraft:set_nbt",
              "tag": "{pages:['[\"\",{\"text\":\"\\\\n\\\\n\\\\n\\\\n\\\\n \\\\u0020 \\\\u0020 \\\\u0020 \"},{\"text\":\" Start the\\\\n   counteroffensive!\",\"color\":\"dark_red\",\"clickEvent\":{\"action\":\"run_command\",\"value\":\"/trigger nitContract set 2\"},\"hoverEvent\":{\"action\":\"show_text\",\"contents\":\"THIS CANNOT BE UNDONE\"}}]'],title:\"War Strategy\",author:\"The Mayor\",ench:[{id:0,lvl:0}],HideFlags:1}"
            }
          ]
        }
      ]
    }
  ]
}
