{
    "condition": "minecraft:any_of",
    "terms": [
      {
        "condition": "minecraft:location_check",
        "predicate": {
          "biome": "terralith:caldera"
        }
      },
      {
        "condition": "minecraft:location_check",
        "predicate": {
          "biome": "terralith:volcanic_crater"
        }
      },
      {
        "condition": "minecraft:location_check",
        "predicate": {
          "biome": "terralith:volcanic_peaks"
        }
      }
    ]
  }
  