{
	"credit": "Made with Blockbench",
	"texture_size": [48, 32],
	"textures": {
		"0": "nitk:item/armory",
		"particle": "nitk:item/armory"
	},
	"elements": [
		{
			"from": [5.75, 0, -4],
			"to": [10.25, 4.5, 0.5],
			"rotation": {"angle": 0, "axis": "y", "origin": [8, 1.5, 8]},
			"faces": {
				"north": {"uv": [0, 8, 5.33333, 16], "texture": "#0"},
				"east": {"uv": [0, 8, 5.33333, 16], "texture": "#0"},
				"south": {"uv": [0, 8, 5.33333, 16], "texture": "#0"},
				"west": {"uv": [0, 8, 5.33333, 16], "texture": "#0"},
				"up": {"uv": [0, 0, 5.33333, 8], "texture": "#0"},
				"down": {"uv": [0, 8, 5.33333, 16], "texture": "#0"}
			}
		},
		{
			"from": [5.75, 0, -4],
			"to": [10.25, 4.485, 0.5],
			"rotation": {"angle": -22.5, "axis": "y", "origin": [8, 1.5, 8]},
			"faces": {
				"north": {"uv": [0, 8, 5.33333, 16], "texture": "#0"},
				"east": {"uv": [0, 8, 5.33333, 16], "texture": "#0"},
				"south": {"uv": [0, 8, 5.33333, 16], "texture": "#0"},
				"west": {"uv": [0, 8, 5.33333, 16], "texture": "#0"},
				"up": {"uv": [0, 0, 5.33333, 8], "texture": "#0"},
				"down": {"uv": [0, 8, 5.33333, 16], "texture": "#0"}
			}
		},
		{
			"from": [15.5, 0, 5.75],
			"to": [20, 4.485, 10.25],
			"rotation": {"angle": 22.5, "axis": "y", "origin": [8, 1.5, 8]},
			"faces": {
				"north": {"uv": [0, 8, 5.33333, 16], "texture": "#0"},
				"east": {"uv": [0, 8, 5.33333, 16], "texture": "#0"},
				"south": {"uv": [0, 8, 5.33333, 16], "texture": "#0"},
				"west": {"uv": [0, 8, 5.33333, 16], "texture": "#0"},
				"up": {"uv": [0, 0, 5.33333, 8], "rotation": 90, "texture": "#0"},
				"down": {"uv": [0, 8, 5.33333, 16], "rotation": 270, "texture": "#0"}
			}
		},
		{
			"from": [5.75, 0, -4],
			"to": [10.25, 4.5, 0.5],
			"rotation": {"angle": -45, "axis": "y", "origin": [8, 1.5, 8]},
			"faces": {
				"north": {"uv": [0, 8, 5.33333, 16], "texture": "#0"},
				"east": {"uv": [0, 8, 5.33333, 16], "texture": "#0"},
				"south": {"uv": [0, 8, 5.33333, 16], "texture": "#0"},
				"west": {"uv": [0, 8, 5.33333, 16], "texture": "#0"},
				"up": {"uv": [0, 0, 5.33333, 8], "texture": "#0"},
				"down": {"uv": [0, 8, 5.33333, 16], "texture": "#0"}
			}
		},
		{
			"from": [5.75, 0, 15.5],
			"to": [10.25, 4.485, 20],
			"rotation": {"angle": 22.5, "axis": "y", "origin": [8, 1.5, 8]},
			"faces": {
				"north": {"uv": [0, 8, 5.33333, 16], "texture": "#0"},
				"east": {"uv": [0, 8, 5.33333, 16], "texture": "#0"},
				"south": {"uv": [0, 8, 5.33333, 16], "texture": "#0"},
				"west": {"uv": [0, 8, 5.33333, 16], "texture": "#0"},
				"up": {"uv": [0, 0, 5.33333, 8], "rotation": 180, "texture": "#0"},
				"down": {"uv": [0, 8, 5.33333, 16], "rotation": 180, "texture": "#0"}
			}
		},
		{
			"from": [5.75, 0, 15.5],
			"to": [10.25, 4.5, 20],
			"rotation": {"angle": 45, "axis": "y", "origin": [8, 1.5, 8]},
			"faces": {
				"north": {"uv": [0, 8, 5.33333, 16], "texture": "#0"},
				"east": {"uv": [0, 8, 5.33333, 16], "texture": "#0"},
				"south": {"uv": [0, 8, 5.33333, 16], "texture": "#0"},
				"west": {"uv": [0, 8, 5.33333, 16], "texture": "#0"},
				"up": {"uv": [0, 0, 5.33333, 8], "rotation": 180, "texture": "#0"},
				"down": {"uv": [0, 8, 5.33333, 16], "rotation": 180, "texture": "#0"}
			}
		},
		{
			"from": [15.5, 0, 5.75],
			"to": [20, 4.485, 10.25],
			"rotation": {"angle": -22.5, "axis": "y", "origin": [8, 1.5, 8]},
			"faces": {
				"north": {"uv": [0, 8, 5.33333, 16], "texture": "#0"},
				"east": {"uv": [0, 8, 5.33333, 16], "texture": "#0"},
				"south": {"uv": [0, 8, 5.33333, 16], "texture": "#0"},
				"west": {"uv": [0, 8, 5.33333, 16], "texture": "#0"},
				"up": {"uv": [0, 0, 5.33333, 8], "rotation": 90, "texture": "#0"},
				"down": {"uv": [0, 8, 5.33333, 16], "rotation": 270, "texture": "#0"}
			}
		},
		{
			"from": [15.5, 0, 5.75],
			"to": [20, 4.5, 10.25],
			"rotation": {"angle": 0, "axis": "y", "origin": [8, 1.5, 8]},
			"faces": {
				"north": {"uv": [0, 8, 5.33333, 16], "texture": "#0"},
				"east": {"uv": [0, 8, 5.33333, 16], "texture": "#0"},
				"south": {"uv": [0, 8, 5.33333, 16], "texture": "#0"},
				"west": {"uv": [0, 8, 5.33333, 16], "texture": "#0"},
				"up": {"uv": [0, 0, 5.33333, 8], "rotation": 90, "texture": "#0"},
				"down": {"uv": [0, 8, 5.33333, 16], "rotation": 270, "texture": "#0"}
			}
		},
		{
			"from": [5.75, 0, 15.5],
			"to": [10.25, 4.5, 20],
			"rotation": {"angle": 0, "axis": "y", "origin": [8, 1.5, 8]},
			"faces": {
				"north": {"uv": [0, 8, 5.33333, 16], "texture": "#0"},
				"east": {"uv": [0, 8, 5.33333, 16], "texture": "#0"},
				"south": {"uv": [0, 8, 5.33333, 16], "texture": "#0"},
				"west": {"uv": [0, 8, 5.33333, 16], "texture": "#0"},
				"up": {"uv": [0, 0, 5.33333, 8], "rotation": 180, "texture": "#0"},
				"down": {"uv": [0, 8, 5.33333, 16], "rotation": 180, "texture": "#0"}
			}
		},
		{
			"from": [5.75, 0, 15.5],
			"to": [10.25, 4.485, 20],
			"rotation": {"angle": -22.5, "axis": "y", "origin": [8, 1.5, 8]},
			"faces": {
				"north": {"uv": [0, 8, 5.33333, 16], "texture": "#0"},
				"east": {"uv": [0, 8, 5.33333, 16], "texture": "#0"},
				"south": {"uv": [0, 8, 5.33333, 16], "texture": "#0"},
				"west": {"uv": [0, 8, 5.33333, 16], "texture": "#0"},
				"up": {"uv": [0, 0, 5.33333, 8], "rotation": 180, "texture": "#0"},
				"down": {"uv": [0, 8, 5.33333, 16], "rotation": 180, "texture": "#0"}
			}
		},
		{
			"from": [-4, 0, 5.75],
			"to": [0.5, 4.485, 10.25],
			"rotation": {"angle": 22.5, "axis": "y", "origin": [8, 1.5, 8]},
			"faces": {
				"north": {"uv": [0, 8, 5.33333, 16], "texture": "#0"},
				"east": {"uv": [0, 8, 5.33333, 16], "texture": "#0"},
				"south": {"uv": [0, 8, 5.33333, 16], "texture": "#0"},
				"west": {"uv": [0, 8, 5.33333, 16], "texture": "#0"},
				"up": {"uv": [0, 0, 5.33333, 8], "rotation": 270, "texture": "#0"},
				"down": {"uv": [0, 8, 5.33333, 16], "rotation": 90, "texture": "#0"}
			}
		},
		{
			"from": [5.75, 0, 15.5],
			"to": [10.25, 4.5, 20],
			"rotation": {"angle": -45, "axis": "y", "origin": [8, 1.5, 8]},
			"faces": {
				"north": {"uv": [0, 8, 5.33333, 16], "texture": "#0"},
				"east": {"uv": [0, 8, 5.33333, 16], "texture": "#0"},
				"south": {"uv": [0, 8, 5.33333, 16], "texture": "#0"},
				"west": {"uv": [0, 8, 5.33333, 16], "texture": "#0"},
				"up": {"uv": [0, 0, 5.33333, 8], "rotation": 180, "texture": "#0"},
				"down": {"uv": [0, 8, 5.33333, 16], "rotation": 180, "texture": "#0"}
			}
		},
		{
			"from": [5.75, 0, -4],
			"to": [10.25, 4.485, 0.5],
			"rotation": {"angle": 22.5, "axis": "y", "origin": [8, 1.5, 8]},
			"faces": {
				"north": {"uv": [0, 8, 5.33333, 16], "texture": "#0"},
				"east": {"uv": [0, 8, 5.33333, 16], "texture": "#0"},
				"south": {"uv": [0, 8, 5.33333, 16], "texture": "#0"},
				"west": {"uv": [0, 8, 5.33333, 16], "texture": "#0"},
				"up": {"uv": [0, 0, 5.33333, 8], "texture": "#0"},
				"down": {"uv": [0, 8, 5.33333, 16], "texture": "#0"}
			}
		},
		{
			"from": [-4, 0, 5.75],
			"to": [0.5, 4.5, 10.25],
			"rotation": {"angle": -45, "axis": "y", "origin": [8, 1.5, 8]},
			"faces": {
				"north": {"uv": [0, 8, 5.33333, 16], "texture": "#0"},
				"east": {"uv": [0, 8, 5.33333, 16], "texture": "#0"},
				"south": {"uv": [0, 8, 5.33333, 16], "texture": "#0"},
				"west": {"uv": [0, 8, 5.33333, 16], "texture": "#0"},
				"up": {"uv": [0, 0, 5.33333, 8], "rotation": 270, "texture": "#0"},
				"down": {"uv": [0, 8, 5.33333, 16], "rotation": 90, "texture": "#0"}
			}
		},
		{
			"from": [-4, 0, 5.75],
			"to": [0.5, 4.485, 10.25],
			"rotation": {"angle": -22.5, "axis": "y", "origin": [8, 1.5, 8]},
			"faces": {
				"north": {"uv": [0, 8, 5.33333, 16], "texture": "#0"},
				"east": {"uv": [0, 8, 5.33333, 16], "texture": "#0"},
				"south": {"uv": [0, 8, 5.33333, 16], "texture": "#0"},
				"west": {"uv": [0, 8, 5.33333, 16], "texture": "#0"},
				"up": {"uv": [0, 0, 5.33333, 8], "rotation": 270, "texture": "#0"},
				"down": {"uv": [0, 8, 5.33333, 16], "rotation": 90, "texture": "#0"}
			}
		},
		{
			"from": [-4, 0, 5.75],
			"to": [0.5, 4.5, 10.25],
			"rotation": {"angle": 0, "axis": "y", "origin": [8, 1.5, 8]},
			"faces": {
				"north": {"uv": [0, 8, 5.33333, 16], "texture": "#0"},
				"east": {"uv": [0, 8, 5.33333, 16], "texture": "#0"},
				"south": {"uv": [0, 8, 5.33333, 16], "texture": "#0"},
				"west": {"uv": [0, 8, 5.33333, 16], "texture": "#0"},
				"up": {"uv": [0, 0, 5.33333, 8], "rotation": 270, "texture": "#0"},
				"down": {"uv": [0, 8, 5.33333, 16], "rotation": 90, "texture": "#0"}
			}
		},
		{
			"from": [8, 0.015, 8],
			"to": [15.5, 1.515, 15.5],
			"rotation": {"angle": 0, "axis": "y", "origin": [-4, 0, -4]},
			"faces": {
				"up": {"uv": [5.33333, 8, 10.66667, 16], "texture": "#0"},
				"down": {"uv": [5.33333, 8, 10.66667, 16], "texture": "#0"}
			}
		},
		{
			"from": [8, 0.015, 0.5],
			"to": [15.5, 1.515, 8],
			"rotation": {"angle": 0, "axis": "y", "origin": [-4, 0, -4]},
			"faces": {
				"up": {"uv": [5.33333, 8, 10.66667, 16], "texture": "#0"},
				"down": {"uv": [5.33333, 8, 10.66667, 16], "texture": "#0"}
			}
		},
		{
			"from": [0.5, 0.015, 0.5],
			"to": [8, 1.515, 8],
			"rotation": {"angle": 0, "axis": "y", "origin": [-4, 0, -4]},
			"faces": {
				"up": {"uv": [5.33333, 8, 10.66667, 16], "texture": "#0"},
				"down": {"uv": [5.33333, 8, 10.66667, 16], "texture": "#0"}
			}
		},
		{
			"from": [0.5, 0.015, 8],
			"to": [8, 1.515, 15.5],
			"rotation": {"angle": 0, "axis": "y", "origin": [-4, 0, -4]},
			"faces": {
				"up": {"uv": [5.33333, 8, 10.66667, 16], "texture": "#0"},
				"down": {"uv": [5.33333, 8, 10.66667, 16], "texture": "#0"}
			}
		},
		{
			"from": [-3.25, 5.25, 6.75],
			"to": [1.25, 6.75, 9.25],
			"rotation": {"angle": 0, "axis": "y", "origin": [1, 4.5, 0]},
			"faces": {
				"north": {"uv": [10.66667, 2.75, 5.33333, 4.75], "texture": "#0"},
				"east": {"uv": [5.33333, 2.75, 10, 4.75], "texture": "#0"},
				"south": {"uv": [10.66667, 2.75, 5.33333, 4.75], "texture": "#0"},
				"west": {"uv": [5.33333, 2.75, 10, 4.75], "texture": "#0"},
				"up": {"uv": [5.33333, 2.75, 10.66667, 5.25], "texture": "#0"},
				"down": {"uv": [5.33333, 2.75, 10.66667, 5.25], "texture": "#0"}
			}
		},
		{
			"from": [-4.5, 5, 6.25],
			"to": [-1, 7, 9.75],
			"rotation": {"angle": 0, "axis": "y", "origin": [1, 4.5, 0]},
			"faces": {
				"north": {"uv": [6.66667, 1.75, 10.66667, 5.75], "texture": "#0"},
				"east": {"uv": [6.66667, 1.75, 10, 5.75], "texture": "#0"},
				"south": {"uv": [10.66667, 1.75, 6.66667, 5.75], "texture": "#0"},
				"west": {"uv": [6.66667, 1.75, 10, 5.75], "texture": "#0"},
				"up": {"uv": [10.66667, 1.75, 6.66667, 6.25], "texture": "#0"},
				"down": {"uv": [10.66667, 1.75, 6.66667, 6.25], "texture": "#0"}
			}
		},
		{
			"from": [-2.75, 4.5, 4.5],
			"to": [-0.75, 12.5, 6.5],
			"rotation": {"angle": 0, "axis": "y", "origin": [1, 4.5, 0]},
			"faces": {
				"north": {"uv": [10.66667, 0, 12, 8], "texture": "#0"},
				"east": {"uv": [10.66667, 0, 12, 8], "texture": "#0"},
				"south": {"uv": [10.66667, 0, 12, 8], "texture": "#0"},
				"west": {"uv": [10.66667, 0, 12, 8], "texture": "#0"},
				"up": {"uv": [10.66667, 0, 12, 2], "texture": "#0"},
				"down": {"uv": [10.66667, 6, 12, 8], "texture": "#0"}
			}
		},
		{
			"from": [-2.5, 4.5, 9.5],
			"to": [-1, 9, 11],
			"rotation": {"angle": 0, "axis": "y", "origin": [1, 4.5, 0]},
			"faces": {
				"north": {"uv": [14.66667, 0, 16, 5], "texture": "#0"},
				"east": {"uv": [14.66667, 0, 16, 5], "texture": "#0"},
				"south": {"uv": [14.66667, 0, 16, 5], "texture": "#0"},
				"west": {"uv": [14.66667, 0, 16, 5], "texture": "#0"},
				"up": {"uv": [14.66667, 0, 16, 2], "texture": "#0"},
				"down": {"uv": [14.66667, 6, 16, 8], "texture": "#0"}
			}
		},
		{
			"from": [-2.75, 12.5, 4.5],
			"to": [-0.75, 20.5, 6.5],
			"rotation": {"angle": 0, "axis": "y", "origin": [1, 4.5, 0]},
			"faces": {
				"north": {"uv": [12, 0, 13.33333, 8], "texture": "#0"},
				"east": {"uv": [12, 0, 13.33333, 8], "texture": "#0"},
				"south": {"uv": [12, 0, 13.33333, 8], "texture": "#0"},
				"west": {"uv": [12, 0, 13.33333, 8], "texture": "#0"},
				"up": {"uv": [12, 0, 13.33333, 2], "texture": "#0"},
				"down": {"uv": [12, 6, 13.33333, 8], "texture": "#0"}
			}
		},
		{
			"from": [-2.5, 9, 6.5],
			"to": [-1, 10.5, 11],
			"rotation": {"angle": 0, "axis": "y", "origin": [1, 4.5, 0]},
			"faces": {
				"north": {"uv": [13.33333, 0, 14.66667, 2], "texture": "#0"},
				"east": {"uv": [13.33333, 0, 14.66667, 5], "rotation": 270, "texture": "#0"},
				"south": {"uv": [13.33333, 6, 14.66667, 8], "texture": "#0"},
				"west": {"uv": [13.33333, 0, 14.66667, 5], "rotation": 270, "texture": "#0"},
				"up": {"uv": [13.33333, 0, 14.66667, 5], "texture": "#0"},
				"down": {"uv": [13.33333, 0, 14.66667, 5], "texture": "#0"}
			}
		},
		{
			"from": [-2.5, 18.5, 6],
			"to": [-1, 20, 10.5],
			"rotation": {"angle": -45, "axis": "y", "origin": [-1.75, 19.25, 5.5]},
			"faces": {
				"north": {"uv": [13.33333, 0, 14.66667, 2], "texture": "#0"},
				"east": {"uv": [13.33333, 0, 14.66667, 5], "rotation": 270, "texture": "#0"},
				"south": {"uv": [13.33333, 6, 14.66667, 8], "texture": "#0"},
				"west": {"uv": [13.33333, 0, 14.66667, 5], "rotation": 270, "texture": "#0"},
				"up": {"uv": [13.33333, 0, 14.66667, 5], "texture": "#0"},
				"down": {"uv": [13.33333, 0, 14.66667, 5], "texture": "#0"}
			}
		},
		{
			"from": [-2.5, 17, 0.5],
			"to": [-1, 18.5, 5],
			"rotation": {"angle": 0, "axis": "y", "origin": [-1.75, 19.25, 5.5]},
			"faces": {
				"north": {"uv": [13.33333, 6, 14.66667, 8], "texture": "#0"},
				"east": {"uv": [13.33333, 0, 14.66667, 5], "rotation": 270, "texture": "#0"},
				"south": {"uv": [13.33333, 0, 14.66667, 2], "texture": "#0"},
				"west": {"uv": [13.33333, 0, 14.66667, 5], "rotation": 270, "texture": "#0"},
				"up": {"uv": [13.33333, 0, 14.66667, 5], "rotation": 180, "texture": "#0"},
				"down": {"uv": [13.33333, 0, 14.66667, 5], "rotation": 180, "texture": "#0"}
			}
		},
		{
			"from": [-2.5, 9, 1.5],
			"to": [-1, 17, 1.5],
			"rotation": {"angle": 0, "axis": "y", "origin": [1.75, 13, 4]},
			"faces": {
				"north": {"uv": [10.66667, 8, 11.66667, 16], "texture": "#0"},
				"south": {"uv": [10.66667, 8, 11.66667, 16], "texture": "#0"}
			}
		},
		{
			"from": [-1.75, 9, 0.75],
			"to": [-1.75, 17, 2.25],
			"rotation": {"angle": 0, "axis": "y", "origin": [1.75, 13, 4]},
			"faces": {
				"east": {"uv": [11.66667, 8, 12.66667, 16], "texture": "#0"},
				"west": {"uv": [11.66667, 8, 12.66667, 16], "texture": "#0"}
			}
		},
		{
			"from": [-5, 10.5, 8],
			"to": [-3.5, 18.5, 8],
			"rotation": {"angle": 0, "axis": "y", "origin": [1.75, 13, 4]},
			"faces": {
				"north": {"uv": [10.66667, 8, 11.66667, 16], "texture": "#0"},
				"south": {"uv": [10.66667, 8, 11.66667, 16], "texture": "#0"}
			}
		},
		{
			"from": [-4.25, 10.5, 7.25],
			"to": [-4.25, 18.5, 8.75],
			"rotation": {"angle": 0, "axis": "y", "origin": [1.75, 13, 4]},
			"faces": {
				"east": {"uv": [11.66667, 8, 12.66667, 16], "texture": "#0"},
				"west": {"uv": [11.66667, 8, 12.66667, 16], "texture": "#0"}
			}
		},
		{
			"from": [-4.25, 6, 7.25],
			"to": [-4.25, 10.5, 8.75],
			"rotation": {"angle": 0, "axis": "y", "origin": [1.75, 13, 4]},
			"faces": {
				"east": {"uv": [11.66667, 8, 12.66667, 16], "texture": "#0"},
				"west": {"uv": [11.66667, 8, 12.66667, 16], "texture": "#0"}
			}
		},
		{
			"from": [-5, 6, 8],
			"to": [-3.5, 10.5, 8],
			"rotation": {"angle": 0, "axis": "y", "origin": [1.75, 13, 4]},
			"faces": {
				"north": {"uv": [10.66667, 8, 11.66667, 12.5], "texture": "#0"},
				"south": {"uv": [10.66667, 8, 11.66667, 12.5], "texture": "#0"}
			}
		}
	],
	"groups": [
		{
			"name": "forge",
			"origin": [8, 8, 8],
			"color": 0,
			"nbt": "{}",
			"children": [0, 1, 2, 3, 4, 5, 6, 7, 8, 9, 10, 11, 12, 13, 14, 15, 16, 17, 18, 19]
		},
		{
			"name": "bellows",
			"origin": [8, 8, 8],
			"color": 0,
			"nbt": "{}",
			"children": [20, 21, 22, 23, 24, 25, 26, 27, 28, 29, 30, 31, 32, 33]
		}
	]
}