{
	"credit": "Made with Blockbench",
	"texture_size": [32, 32],
	"textures": {
		"0": "nitk:item/controls",
		"particle": "nitk:item/controls"
	},
	"elements": [
		{
			"from": [0, 0, -3],
			"to": [16, 6, 13],
			"rotation": {"angle": 0, "axis": "y", "origin": [0, 0, -3]},
			"faces": {
				"north": {"uv": [0, 13, 8, 16], "texture": "#0"},
				"east": {"uv": [8, 13, 16, 16], "texture": "#0"},
				"south": {"uv": [8, 13, 16, 16], "texture": "#0"},
				"west": {"uv": [8, 13, 16, 16], "texture": "#0"},
				"down": {"uv": [0, 0, 8, 8], "texture": "#0"}
			}
		},
		{
			"from": [0, 6, 6.5],
			"to": [16, 16, 13],
			"rotation": {"angle": 0, "axis": "y", "origin": [0, 0, -3]},
			"faces": {
				"east": {"uv": [8, 8, 11.25, 13], "texture": "#0"},
				"south": {"uv": [8, 8, 16, 13], "texture": "#0"},
				"west": {"uv": [12.75, 8, 16, 13], "texture": "#0"},
				"up": {"uv": [0, 0.125, 8, 3.375], "texture": "#0"}
			}
		},
		{
			"from": [0.01, 6, -3],
			"to": [15.99, 21, 5],
			"rotation": {"angle": 45, "axis": "x", "origin": [1, 6, -3]},
			"faces": {
				"north": {"uv": [8, 0, 16, 8], "texture": "#0"},
				"east": {"uv": [12, 0.075, 16, 7.325], "texture": "#0"},
				"west": {"uv": [8, 0.075, 12, 7.325], "texture": "#0"}
			}
		},
		{
			"from": [7, 13.4, -3.5],
			"to": [9, 17.4, -2.5],
			"rotation": {"angle": 45, "axis": "x", "origin": [1, 6, -3]},
			"faces": {
				"north": {"uv": [11.5, 2, 12.5, 4], "texture": "#0"},
				"east": {"uv": [11.5, 2, 12, 4], "texture": "#0"},
				"west": {"uv": [12, 2, 12.5, 4], "texture": "#0"},
				"up": {"uv": [11.5, 2, 12.5, 2.5], "texture": "#0"},
				"down": {"uv": [11.5, 3.5, 12.5, 4], "texture": "#0"}
			}
		},
		{
			"from": [6, 14.4, -3.5],
			"to": [10, 16.4, -2.5],
			"rotation": {"angle": 45, "axis": "x", "origin": [1, 6, -3]},
			"faces": {
				"north": {"uv": [11, 2.5, 13, 3.5], "texture": "#0"},
				"east": {"uv": [11, 2.5, 11.5, 3.5], "texture": "#0"},
				"west": {"uv": [12.5, 2.5, 13, 3.5], "texture": "#0"},
				"up": {"uv": [11, 2.5, 13, 3], "texture": "#0"},
				"down": {"uv": [11, 3, 13, 3.5], "texture": "#0"}
			}
		},
		{
			"from": [3, 4, -3.5],
			"to": [5, 6, -2.5],
			"rotation": {"angle": 0, "axis": "y", "origin": [0, 0, -3]},
			"faces": {
				"north": {"uv": [5.5, 13, 6.5, 14], "texture": "#0"},
				"east": {"uv": [5.5, 13, 6, 14], "texture": "#0"},
				"south": {"uv": [5.5, 13, 6.5, 14], "texture": "#0"},
				"west": {"uv": [5.5, 13, 6, 14], "texture": "#0"},
				"up": {"uv": [5.5, 13, 6.5, 13.5], "texture": "#0"},
				"down": {"uv": [5.5, 13, 6.5, 13.5], "texture": "#0"}
			}
		},
		{
			"from": [11, 4, -3.5],
			"to": [13, 6, -2.5],
			"rotation": {"angle": 0, "axis": "y", "origin": [0, 0, -3]},
			"faces": {
				"north": {"uv": [1.5, 13, 2.5, 14], "texture": "#0"},
				"east": {"uv": [1.5, 13, 2, 14], "texture": "#0"},
				"south": {"uv": [1.5, 13, 2.5, 14], "texture": "#0"},
				"west": {"uv": [1.5, 13, 2, 14], "texture": "#0"},
				"up": {"uv": [1.5, 13, 2.5, 13.5], "texture": "#0"},
				"down": {"uv": [1.5, 13, 2.5, 13.5], "texture": "#0"}
			}
		},
		{
			"from": [1, 14, 9],
			"to": [5, 24, 9],
			"rotation": {"angle": 0, "axis": "y", "origin": [0, 0, -3]},
			"faces": {
				"north": {"uv": [1, 7.5, 3, 12.5], "texture": "#0"}
			}
		},
		{
			"from": [1, 14, 11],
			"to": [5, 24, 11],
			"rotation": {"angle": 0, "axis": "y", "origin": [3, 21, 9]},
			"faces": {
				"south": {"uv": [1, 7.5, 3, 12.5], "texture": "#0"}
			}
		},
		{
			"from": [2, 14, 8],
			"to": [2, 24, 12],
			"rotation": {"angle": 0, "axis": "y", "origin": [3, 21, 10]},
			"faces": {
				"west": {"uv": [1, 7.5, 3, 12.5], "texture": "#0"}
			}
		},
		{
			"from": [4, 14, 8],
			"to": [4, 24, 12],
			"rotation": {"angle": 0, "axis": "y", "origin": [3, 21, 10]},
			"faces": {
				"east": {"uv": [1, 7.5, 3, 12.5], "texture": "#0"}
			}
		},
		{
			"from": [12, 12, 8],
			"to": [12, 22, 12],
			"rotation": {"angle": 0, "axis": "y", "origin": [3, 21, 10]},
			"faces": {
				"west": {"uv": [1, 7.5, 3, 12.5], "texture": "#0"}
			}
		},
		{
			"from": [14, 12, 8],
			"to": [14, 22, 12],
			"rotation": {"angle": 0, "axis": "y", "origin": [3, 21, 10]},
			"faces": {
				"east": {"uv": [1, 7.5, 3, 12.5], "texture": "#0"}
			}
		},
		{
			"from": [11, 12, 9],
			"to": [15, 22, 9],
			"rotation": {"angle": 0, "axis": "y", "origin": [0, 0, -3]},
			"faces": {
				"north": {"uv": [1, 7.5, 3, 12.5], "texture": "#0"}
			}
		},
		{
			"from": [11, 12, 11],
			"to": [15, 22, 11],
			"rotation": {"angle": 0, "axis": "y", "origin": [3, 21, 9]},
			"faces": {
				"south": {"uv": [1, 7.5, 3, 12.5], "texture": "#0"}
			}
		},
		{
			"from": [7, 16, 8],
			"to": [7, 26, 12],
			"rotation": {"angle": 0, "axis": "y", "origin": [3, 21, 10]},
			"faces": {
				"west": {"uv": [1, 7.5, 3, 12.5], "texture": "#0"}
			}
		},
		{
			"from": [9, 16, 8],
			"to": [9, 26, 12],
			"rotation": {"angle": 0, "axis": "y", "origin": [3, 21, 10]},
			"faces": {
				"east": {"uv": [1, 7.5, 3, 12.5], "texture": "#0"}
			}
		},
		{
			"from": [6, 16, 9],
			"to": [10, 26, 9],
			"rotation": {"angle": 0, "axis": "y", "origin": [0, 0, -3]},
			"faces": {
				"north": {"uv": [1, 7.5, 3, 12.5], "texture": "#0"}
			}
		},
		{
			"from": [6, 16, 11],
			"to": [10, 26, 11],
			"rotation": {"angle": 0, "axis": "y", "origin": [3, 21, 9]},
			"faces": {
				"south": {"uv": [1, 7.5, 3, 12.5], "texture": "#0"}
			}
		},
		{
			"from": [2, 21, 9],
			"to": [4, 23, 11],
			"faces": {
				"north": {"uv": [1.5, 8, 2.5, 9], "texture": "#0"},
				"east": {"uv": [1.5, 8, 2.5, 9], "texture": "#0"},
				"south": {"uv": [1.5, 8, 2.5, 9], "texture": "#0"},
				"west": {"uv": [1.5, 8, 2.5, 9], "texture": "#0"},
				"up": {"uv": [1.5, 8, 2.5, 9], "texture": "#0"},
				"down": {"uv": [1.5, 8, 2.5, 9], "texture": "#0"}
			}
		},
		{
			"from": [7, 23, 9],
			"to": [9, 25, 11],
			"faces": {
				"north": {"uv": [1.5, 8, 2.5, 9], "texture": "#0"},
				"east": {"uv": [1.5, 8, 2.5, 9], "texture": "#0"},
				"south": {"uv": [1.5, 8, 2.5, 9], "texture": "#0"},
				"west": {"uv": [1.5, 8, 2.5, 9], "texture": "#0"},
				"up": {"uv": [1.5, 8, 2.5, 9], "texture": "#0"},
				"down": {"uv": [1.5, 8, 2.5, 9], "texture": "#0"}
			}
		},
		{
			"from": [12, 19, 9],
			"to": [14, 21, 11],
			"faces": {
				"north": {"uv": [1.5, 8, 2.5, 9], "texture": "#0"},
				"east": {"uv": [1.5, 8, 2.5, 9], "texture": "#0"},
				"south": {"uv": [1.5, 8, 2.5, 9], "texture": "#0"},
				"west": {"uv": [1.5, 8, 2.5, 9], "texture": "#0"},
				"up": {"uv": [1.5, 8, 2.5, 9], "texture": "#0"},
				"down": {"uv": [1.5, 8, 2.5, 9], "texture": "#0"}
			}
		}
	],
	"groups": [
		{
			"name": "controls",
			"origin": [8, 8, 8],
			"color": 0,
			"nbt": "{}",
			"children": [0, 1]
		},
		{
			"name": "panel",
			"origin": [1, 6, 0],
			"color": 0,
			"nbt": "{}",
			"children": [2, 3, 4]
		},
		{
			"name": "bulbs",
			"origin": [1, 6, 0],
			"color": 0,
			"nbt": "{}",
			"children": [5, 6, 7, 8, 9, 10, 11, 12, 13, 14, 15, 16, 17, 18, 19, 20, 21]
		}
	]
}