{
	"credit": "Made with Blockbench",
	"texture_size": [32, 32],
	"textures": {
		"0": "nitk:item/eternity_beacon",
		"particle": "nitk:item/eternity_beacon"
	},
	"elements": [
		{
			"from": [3, 6, 3],
			"to": [13, 16, 13],
			"rotation": {"angle": 22.5, "axis": "z", "origin": [8, 11, 8]},
			"faces": {
				"north": {"uv": [9.5, 1.5, 14.5, 6.5], "texture": "#0"},
				"east": {"uv": [9.5, 1.5, 14.5, 6.5], "texture": "#0"},
				"south": {"uv": [9.5, 1.5, 14.5, 6.5], "texture": "#0"},
				"west": {"uv": [9.5, 1.5, 14.5, 6.5], "texture": "#0"},
				"up": {"uv": [9.5, 1.5, 14.5, 6.5], "texture": "#0"},
				"down": {"uv": [9.5, 1.5, 14.5, 6.5], "texture": "#0"}
			}
		},
		{
			"from": [2, 0.1, 2],
			"to": [14, 3, 14],
			"faces": {
				"north": {"uv": [1, 14.5, 7, 16], "texture": "#0"},
				"east": {"uv": [1, 14.5, 7, 16], "texture": "#0"},
				"south": {"uv": [1, 14.5, 7, 16], "texture": "#0"},
				"west": {"uv": [1, 14.5, 7, 16], "texture": "#0"},
				"up": {"uv": [1, 8.5, 7, 14.5], "texture": "#0"},
				"down": {"uv": [1, 8.5, 7, 14.5], "texture": "#0"}
			}
		},
		{
			"from": [0, 3, 0],
			"to": [16, 19, 16],
			"rotation": {"angle": 45, "axis": "y", "origin": [8, 11, 8]},
			"faces": {
				"north": {"uv": [0, 0, 8, 8], "texture": "#0"},
				"east": {"uv": [0, 0, 8, 8], "texture": "#0"},
				"south": {"uv": [0, 0, 8, 8], "texture": "#0"},
				"west": {"uv": [0, 0, 8, 8], "texture": "#0"},
				"up": {"uv": [0, 0, 8, 8], "texture": "#0"},
				"down": {"uv": [0, 0, 8, 8], "texture": "#0"}
			}
		}
	],
	"groups": [
		{
			"name": "eternity_beacon",
			"origin": [8, 8, 8],
			"color": 0,
			"nbt": "{}",
			"children": [0]
		},
		{
			"name": "case",
			"origin": [8, 8, 8],
			"color": 0,
			"nbt": "{}",
			"children": [1, 2]
		}
	]
}